time,Washington,Illinois,California,Arizona,Massachusetts,Wisconsin,Texas,Nebraska,Utah,Oregon,Florida,New_York,Rhode_Island,Georgia,New_Hampshire,North_Carolina,New_Jersey,Colorado,Maryland,Nevada,Tennessee,Hawaii,Indiana,Kentucky,Minnesota,Oklahoma,Pennsylvania,South_Carolina,District_of_Columbia,Kansas,Missouri,Vermont,Virginia,Connecticut,Iowa,Louisiana,Ohio,Michigan,South_Dakota,Arkansas,Delaware,Mississippi,New_Mexico,North_Dakota,Wyoming,Alaska,Maine,Alabama,Idaho,Montana,Puerto_Rico,Virgin_Islands,Guam,West_Virginia,Northern_Mariana_Islands,American_Samoa
2020-01-22,0,0,0,0,0,0,0,0,0,0,0,0,0,0,0,0,0,0,0,0,0,0,0,0,0,0,0,0,0,0,0,0,0,0,0,0,0,0,0,0,0,0,0,0,0,0,0,0,0,0,0,0,0,0,0,0
2020-01-23,0,0,0,0,0,0,0,0,0,0,0,0,0,0,0,0,0,0,0,0,0,0,0,0,0,0,0,0,0,0,0,0,0,0,0,0,0,0,0,0,0,0,0,0,0,0,0,0,0,0,0,0,0,0,0,0
2020-01-24,0,1,0,0,0,0,0,0,0,0,0,0,0,0,0,0,0,0,0,0,0,0,0,0,0,0,0,0,0,0,0,0,0,0,0,0,0,0,0,0,0,0,0,0,0,0,0,0,0,0,0,0,0,0,0,0
2020-01-25,0,0,1,0,0,0,0,0,0,0,0,0,0,0,0,0,0,0,0,0,0,0,0,0,0,0,0,0,0,0,0,0,0,0,0,0,0,0,0,0,0,0,0,0,0,0,0,0,0,0,0,0,0,0,0,0
2020-01-26,0,0,1,1,0,0,0,0,0,0,0,0,0,0,0,0,0,0,0,0,0,0,0,0,0,0,0,0,0,0,0,0,0,0,0,0,0,0,0,0,0,0,0,0,0,0,0,0,0,0,0,0,0,0,0,0
2020-01-27,0,0,0,0,0,0,0,0,0,0,0,0,0,0,0,0,0,0,0,0,0,0,0,0,0,0,0,0,0,0,0,0,0,0,0,0,0,0,0,0,0,0,0,0,0,0,0,0,0,0,0,0,0,0,0,0
2020-01-28,0,0,0,0,0,0,0,0,0,0,0,0,0,0,0,0,0,0,0,0,0,0,0,0,0,0,0,0,0,0,0,0,0,0,0,0,0,0,0,0,0,0,0,0,0,0,0,0,0,0,0,0,0,0,0,0
2020-01-29,0,0,0,0,0,0,0,0,0,0,0,0,0,0,0,0,0,0,0,0,0,0,0,0,0,0,0,0,0,0,0,0,0,0,0,0,0,0,0,0,0,0,0,0,0,0,0,0,0,0,0,0,0,0,0,0
2020-01-30,0,1,0,0,0,0,0,0,0,0,0,0,0,0,0,0,0,0,0,0,0,0,0,0,0,0,0,0,0,0,0,0,0,0,0,0,0,0,0,0,0,0,0,0,0,0,0,0,0,0,0,0,0,0,0,0
2020-01-31,0,0,1,0,0,0,0,0,0,0,0,0,0,0,0,0,0,0,0,0,0,0,0,0,0,0,0,0,0,0,0,0,0,0,0,0,0,0,0,0,0,0,0,0,0,0,0,0,0,0,0,0,0,0,0,0
2020-02-01,0,0,0,0,1,0,0,0,0,0,0,0,0,0,0,0,0,0,0,0,0,0,0,0,0,0,0,0,0,0,0,0,0,0,0,0,0,0,0,0,0,0,0,0,0,0,0,0,0,0,0,0,0,0,0,0
2020-02-02,0,0,3,0,0,0,0,0,0,0,0,0,0,0,0,0,0,0,0,0,0,0,0,0,0,0,0,0,0,0,0,0,0,0,0,0,0,0,0,0,0,0,0,0,0,0,0,0,0,0,0,0,0,0,0,0
2020-02-03,0,0,0,0,0,0,0,0,0,0,0,0,0,0,0,0,0,0,0,0,0,0,0,0,0,0,0,0,0,0,0,0,0,0,0,0,0,0,0,0,0,0,0,0,0,0,0,0,0,0,0,0,0,0,0,0
2020-02-04,0,0,0,0,0,0,0,0,0,0,0,0,0,0,0,0,0,0,0,0,0,0,0,0,0,0,0,0,0,0,0,0,0,0,0,0,0,0,0,0,0,0,0,0,0,0,0,0,0,0,0,0,0,0,0,0
2020-02-05,0,0,0,0,0,1,0,0,0,0,0,0,0,0,0,0,0,0,0,0,0,0,0,0,0,0,0,0,0,0,0,0,0,0,0,0,0,0,0,0,0,0,0,0,0,0,0,0,0,0,0,0,0,0,0,0
2020-02-06,0,0,0,0,0,0,0,0,0,0,0,0,0,0,0,0,0,0,0,0,0,0,0,0,0,0,0,0,0,0,0,0,0,0,0,0,0,0,0,0,0,0,0,0,0,0,0,0,0,0,0,0,0,0,0,0
2020-02-07,0,0,0,0,0,0,0,0,0,0,0,0,0,0,0,0,0,0,0,0,0,0,0,0,0,0,0,0,0,0,0,0,0,0,0,0,0,0,0,0,0,0,0,0,0,0,0,0,0,0,0,0,0,0,0,0
2020-02-08,0,0,0,0,0,0,0,0,0,0,0,0,0,0,0,0,0,0,0,0,0,0,0,0,0,0,0,0,0,0,0,0,0,0,0,0,0,0,0,0,0,0,0,0,0,0,0,0,0,0,0,0,0,0,0,0
2020-02-09,0,0,0,0,0,0,0,0,0,0,0,0,0,0,0,0,0,0,0,0,0,0,0,0,0,0,0,0,0,0,0,0,0,0,0,0,0,0,0,0,0,0,0,0,0,0,0,0,0,0,0,0,0,0,0,0
2020-02-10,0,0,1,0,0,0,0,0,0,0,0,0,0,0,0,0,0,0,0,0,0,0,0,0,0,0,0,0,0,0,0,0,0,0,0,0,0,0,0,0,0,0,0,0,0,0,0,0,0,0,0,0,0,0,0,0
2020-02-11,0,0,0,0,0,0,0,0,0,0,0,0,0,0,0,0,0,0,0,0,0,0,0,0,0,0,0,0,0,0,0,0,0,0,0,0,0,0,0,0,0,0,0,0,0,0,0,0,0,0,0,0,0,0,0,0
2020-02-12,0,0,0,0,0,0,1,0,0,0,0,0,0,0,0,0,0,0,0,0,0,0,0,0,0,0,0,0,0,0,0,0,0,0,0,0,0,0,0,0,0,0,0,0,0,0,0,0,0,0,0,0,0,0,0,0
2020-02-13,0,0,0,0,0,0,1,0,0,0,0,0,0,0,0,0,0,0,0,0,0,0,0,0,0,0,0,0,0,0,0,0,0,0,0,0,0,0,0,0,0,0,0,0,0,0,0,0,0,0,0,0,0,0,0,0
2020-02-14,0,0,0,0,0,0,0,0,0,0,0,0,0,0,0,0,0,0,0,0,0,0,0,0,0,0,0,0,0,0,0,0,0,0,0,0,0,0,0,0,0,0,0,0,0,0,0,0,0,0,0,0,0,0,0,0
2020-02-15,0,0,0,0,0,0,0,0,0,0,0,0,0,0,0,0,0,0,0,0,0,0,0,0,0,0,0,0,0,0,0,0,0,0,0,0,0,0,0,0,0,0,0,0,0,0,0,0,0,0,0,0,0,0,0,0
2020-02-16,0,0,0,0,0,0,0,0,0,0,0,0,0,0,0,0,0,0,0,0,0,0,0,0,0,0,0,0,0,0,0,0,0,0,0,0,0,0,0,0,0,0,0,0,0,0,0,0,0,0,0,0,0,0,0,0
2020-02-17,0,0,0,0,0,0,0,10,0,0,0,0,0,0,0,0,0,0,0,0,0,0,0,0,0,0,0,0,0,0,0,0,0,0,0,0,0,0,0,0,0,0,0,0,0,0,0,0,0,0,0,0,0,0,0,0
2020-02-18,0,0,0,0,0,0,0,0,0,0,0,0,0,0,0,0,0,0,0,0,0,0,0,0,0,0,0,0,0,0,0,0,0,0,0,0,0,0,0,0,0,0,0,0,0,0,0,0,0,0,0,0,0,0,0,0
2020-02-19,0,0,0,0,0,0,0,0,0,0,0,0,0,0,0,0,0,0,0,0,0,0,0,0,0,0,0,0,0,0,0,0,0,0,0,0,0,0,0,0,0,0,0,0,0,0,0,0,0,0,0,0,0,0,0,0
2020-02-20,0,0,1,0,0,0,0,1,0,0,0,0,0,0,0,0,0,0,0,0,0,0,0,0,0,0,0,0,0,0,0,0,0,0,0,0,0,0,0,0,0,0,0,0,0,0,0,0,0,0,0,0,0,0,0,0
2020-02-21,0,0,1,0,0,0,2,0,0,0,0,0,0,0,0,0,0,0,0,0,0,0,0,0,0,0,0,0,0,0,0,0,0,0,0,0,0,0,0,0,0,0,0,0,0,0,0,0,0,0,0,0,0,0,0,0
2020-02-22,0,0,0,0,0,0,0,0,0,0,0,0,0,0,0,0,0,0,0,0,0,0,0,0,0,0,0,0,0,0,0,0,0,0,0,0,0,0,0,0,0,0,0,0,0,0,0,0,0,0,0,0,0,0,0,0
2020-02-23,0,0,0,0,0,0,0,0,0,0,0,0,0,0,0,0,0,0,0,0,0,0,0,0,0,0,0,0,0,0,0,0,0,0,0,0,0,0,0,0,0,0,0,0,0,0,0,0,0,0,0,0,0,0,0,0
2020-02-24,4,0,2,0,0,0,6,1,0,0,0,0,0,0,0,0,0,0,0,0,0,0,0,0,0,0,0,0,0,0,0,0,0,0,0,0,0,0,0,0,0,0,0,0,0,0,0,0,0,0,0,0,0,0,0,0
2020-02-25,0,0,0,0,0,0,0,1,1,0,0,0,0,0,0,0,0,0,0,0,0,0,0,0,0,0,0,0,0,0,0,0,0,0,0,0,0,0,0,0,0,0,0,0,0,0,0,0,0,0,0,0,0,0,0,0
2020-02-26,0,0,15,0,0,0,0,0,0,0,0,0,0,0,0,0,0,0,0,0,0,0,0,0,0,0,0,0,0,0,0,0,0,0,0,0,0,0,0,0,0,0,0,0,0,0,0,0,0,0,0,0,0,0,0,0
2020-02-27,0,0,0,0,0,0,0,0,0,0,0,0,0,0,0,0,0,0,0,0,0,0,0,0,0,0,0,0,0,0,0,0,0,0,0,0,0,0,0,0,0,0,0,0,0,0,0,0,0,0,0,0,0,0,0,0
2020-02-28,2,0,1,0,0,0,1,0,0,1,0,0,0,0,0,0,0,0,0,0,0,0,0,0,0,0,0,0,0,0,0,0,0,0,0,0,0,0,0,0,0,0,0,0,0,0,0,0,0,0,0,0,0,0,0,0
2020-02-29,3,1,1,0,0,0,0,0,0,0,0,0,0,0,0,0,0,0,0,0,0,0,0,0,0,0,0,0,0,0,0,0,0,0,0,0,0,0,0,0,0,0,0,0,0,0,0,0,0,0,0,0,0,0,0,0
2020-03-01,7,0,5,0,0,0,0,0,0,1,2,1,2,0,0,0,0,0,0,0,0,0,0,0,0,0,0,0,0,0,0,0,0,0,0,0,0,0,0,0,0,0,0,0,0,0,0,0,0,0,0,0,0,0,0,0
2020-03-02,6,1,5,0,1,0,0,0,0,0,0,0,0,2,1,0,0,0,0,0,0,0,0,0,0,0,0,0,0,0,0,0,0,0,0,0,0,0,0,0,0,0,0,0,0,0,0,0,0,0,0,0,0,0,0,0
2020-03-03,9,0,7,1,0,0,0,0,0,0,1,1,0,0,1,1,0,0,0,0,0,0,0,0,0,0,0,0,0,0,0,0,0,0,0,0,0,0,0,0,0,0,0,0,0,0,0,0,0,0,0,0,0,0,0,0
2020-03-04,15,0,10,0,0,0,1,0,0,0,0,9,0,0,0,0,1,0,0,0,0,0,0,0,0,0,0,0,0,0,0,0,0,0,0,0,0,0,0,0,0,0,0,0,0,0,0,0,0,0,0,0,0,0,0,0
2020-03-05,28,1,12,0,1,0,4,0,0,0,1,11,0,0,0,0,1,2,3,2,1,0,0,0,0,0,0,0,0,0,0,0,0,0,0,0,0,0,0,0,0,0,0,0,0,0,0,0,0,0,0,0,0,0,0,0
2020-03-06,11,1,14,1,5,0,3,1,2,0,3,22,1,1,0,1,2,6,0,0,0,1,1,1,1,1,2,2,0,0,0,0,0,0,0,0,0,0,0,0,0,0,0,0,0,0,0,0,0,0,0,0,0,0,0,0
2020-03-07,24,0,19,2,5,0,0,0,0,4,5,45,0,4,2,0,0,0,0,0,0,0,0,0,0,0,2,0,1,1,1,1,1,0,0,0,0,0,0,0,0,0,0,0,0,0,0,0,0,0,0,0,0,0,0,0
2020-03-08,31,1,12,0,15,0,4,2,0,7,1,17,0,4,0,0,2,0,2,2,2,1,1,3,1,0,2,4,0,0,0,0,1,1,3,0,0,0,0,0,0,0,0,0,0,0,0,0,0,0,0,0,0,0,0,0
2020-03-09,38,4,60,1,13,1,1,0,0,0,1,36,0,6,0,5,5,4,1,0,1,0,2,1,0,0,4,1,3,0,0,0,3,1,5,1,3,0,0,0,0,0,0,0,0,0,0,0,0,0,0,0,0,0,0,0
2020-03-10,100,8,7,0,51,1,7,1,1,1,9,31,2,5,1,0,4,5,3,0,3,0,2,2,1,1,2,2,0,0,0,0,3,0,5,5,0,2,5,0,0,0,0,0,0,0,0,0,0,0,0,0,0,0,0,0
2020-03-11,59,6,23,3,3,3,2,6,1,6,3,44,0,9,0,1,8,17,4,3,1,0,5,0,2,0,4,1,6,0,0,1,2,1,1,7,1,0,3,1,1,1,4,1,1,0,0,0,0,0,0,0,0,0,0,0
2020-03-12,81,7,50,0,13,2,8,1,2,10,20,109,0,0,1,8,6,15,0,4,10,0,1,4,4,0,6,2,0,4,1,0,7,3,2,1,1,10,0,5,3,0,2,0,0,1,1,0,0,0,0,0,0,0,0,0
2020-03-13,92,14,68,0,15,11,17,3,0,0,24,95,15,10,1,2,21,29,5,8,8,0,0,0,5,1,19,1,0,1,2,0,13,5,1,22,8,13,1,1,0,5,4,0,1,0,1,6,1,4,3,0,0,0,0,0
2020-03-14,98,20,61,3,15,8,11,2,14,6,0,189,0,24,0,7,25,25,9,2,6,2,3,7,7,1,6,6,6,2,1,3,12,9,1,41,13,8,0,2,0,0,3,0,1,0,1,6,4,2,1,1,0,0,0,0
2020-03-15,66,28,97,1,26,6,11,2,8,3,39,122,0,32,6,7,23,33,5,5,7,3,4,3,14,4,21,9,1,1,0,3,3,6,4,26,11,20,0,7,3,4,4,0,0,0,9,11,0,0,1,0,3,0,0,0
2020-03-16,119,10,110,5,33,14,7,2,11,7,32,218,1,21,4,2,78,25,7,19,13,3,5,1,19,2,13,5,5,2,4,4,6,15,0,34,13,1,1,6,1,2,4,0,7,2,5,6,0,2,0,1,0,0,0,0
2020-03-17,114,55,144,2,21,25,19,3,11,20,69,425,2,24,9,8,92,22,18,10,21,4,6,4,6,8,20,14,9,6,7,2,16,27,7,59,17,11,1,0,8,9,2,4,5,3,15,10,4,0,0,0,0,1,0,0
2020-03-18,118,127,161,8,38,34,60,7,14,8,116,1012,10,51,13,24,159,33,28,27,25,2,9,9,17,11,38,13,5,5,5,5,11,28,9,84,23,15,0,11,10,13,5,2,2,3,11,12,2,4,0,1,5,1,0,0
2020-03-19,202,134,174,19,72,49,82,4,15,13,108,1774,11,89,5,38,308,62,23,17,57,10,17,12,12,15,48,21,3,13,14,3,16,63,6,112,30,254,3,29,4,16,7,12,1,3,9,27,12,7,1,0,4,3,0,0
2020-03-20,176,163,216,23,85,61,138,6,32,27,130,2952,0,200,11,40,161,86,42,66,82,11,25,16,26,5,82,45,32,14,38,7,21,35,1,145,49,214,0,38,9,30,8,8,4,2,5,28,8,0,8,3,2,3,0,0
2020-03-21,251,168,261,34,112,65,161,8,26,23,200,3258,22,70,10,40,440,111,45,0,75,11,47,21,23,4,119,46,6,8,20,20,37,29,23,226,78,239,0,18,6,60,14,1,2,7,13,25,11,10,7,0,1,4,0,0
2020-03-22,189,296,307,49,121,101,92,1,44,24,236,4817,17,68,13,85,578,116,50,25,112,8,76,19,33,14,116,22,21,9,37,3,67,104,22,74,104,246,7,47,11,67,8,2,2,1,19,26,5,5,2,11,12,4,0,0
2020-03-23,257,238,389,81,131,36,89,11,75,30,222,5711,23,180,23,33,930,130,45,75,98,21,60,21,64,14,140,105,18,16,53,23,35,88,15,335,93,291,7,36,31,42,18,2,2,14,18,39,3,11,8,0,2,0,0,0
2020-03-24,368,250,404,92,382,63,129,4,42,18,245,4805,18,295,7,95,831,191,59,50,156,13,107,33,29,25,207,43,21,20,72,20,37,203,19,216,120,467,2,30,17,71,17,5,9,6,11,46,23,6,8,0,3,23,0,0
2020-03-25,116,339,539,76,679,142,275,7,47,57,504,7413,8,290,29,165,727,174,74,90,128,5,113,41,25,58,300,83,46,32,129,28,99,257,23,407,143,502,11,76,15,56,13,8,12,17,24,144,50,14,12,0,0,12,0,0
2020-03-26,623,664,877,106,579,131,410,7,56,50,507,5941,33,256,21,77,2474,346,158,130,175,11,177,50,57,84,539,31,48,39,124,35,213,137,32,510,160,584,5,43,24,110,23,13,7,10,13,152,66,25,13,0,17,25,0,0
2020-03-27,562,491,855,157,823,176,429,11,78,99,720,5688,38,557,29,145,1949,303,209,86,199,14,331,54,52,74,527,86,36,40,162,26,2,279,57,441,277,778,12,35,22,93,55,10,18,16,13,101,43,31,15,2,4,20,0,0
2020-03-28,541,518,651,108,1017,112,410,20,128,65,840,8771,36,249,27,188,2299,326,276,117,183,31,247,92,44,55,598,119,37,59,167,27,134,233,62,569,262,979,10,24,49,90,19,25,11,17,43,81,30,26,21,0,4,17,2,0
2020-03-29,586,1068,755,157,698,78,341,16,111,69,905,6266,55,236,44,194,2262,254,178,182,206,24,283,45,62,52,626,114,38,61,65,24,150,469,38,224,259,852,22,40,18,90,27,4,3,12,42,110,48,14,27,4,1,11,0,0
2020-03-30,283,455,1100,239,797,149,343,47,87,58,752,7721,114,349,56,137,3250,313,171,124,152,29,275,41,72,52,715,150,59,41,147,21,131,578,88,485,268,1022,10,59,32,89,45,12,8,6,22,117,105,16,47,7,2,21,0,0
2020-03-31,113,922,1162,129,868,82,523,14,81,83,1047,8707,80,1084,53,224,2060,362,247,69,328,20,380,110,53,85,841,158,94,61,301,37,229,557,74,1213,266,1121,7,56,55,89,33,17,25,13,28,52,111,21,65,0,79,17,0,0
2020-04-01,296,986,1274,115,1118,201,814,50,125,47,1027,8153,78,631,48,64,3559,356,323,166,640,34,401,84,60,153,808,210,91,54,230,28,262,429,51,1187,349,1663,22,60,49,136,48,21,17,10,41,109,143,21,47,0,8,29,4,0
2020-04-02,997,717,1333,187,1228,178,550,24,65,90,1231,8996,91,697,64,267,3335,382,346,179,179,25,478,73,53,160,1216,261,67,65,254,17,195,267,65,2728,355,1499,36,59,25,104,40,12,16,3,32,162,222,22,30,7,5,26,2,0
2020-04-03,381,1209,1379,169,1436,186,821,24,171,72,1260,10329,54,523,61,235,4305,454,427,91,164,34,399,15,47,110,1399,146,104,71,279,51,305,1091,85,1147,409,1878,22,55,57,181,92,14,13,10,56,265,121,21,62,1,2,25,0,0
2020-04-04,532,1453,1227,250,1334,196,793,42,178,101,1277,12274,95,416,81,309,4229,392,367,209,233,32,520,147,76,170,1690,217,145,77,178,72,397,361,87,2201,427,1556,25,5,143,97,49,13,22,13,24,97,64,19,74,4,69,40,0,0
2020-04-05,486,919,1406,250,764,155,551,38,192,68,805,8122,116,359,48,183,3381,376,484,122,273,20,462,139,70,92,1480,132,96,67,76,51,228,399,82,514,304,1408,28,110,80,183,80,21,11,14,14,208,24,17,23,0,42,43,0,0
2020-04-06,400,986,1159,197,1337,173,1033,61,44,64,1279,9304,160,816,46,285,3585,222,436,91,215,16,549,9,51,75,1485,183,99,85,355,31,241,1231,78,1853,407,1496,48,74,110,100,62,18,13,6,29,165,70,21,38,2,1,22,0,0
2020-04-07,298,1287,1179,111,1365,138,818,53,75,49,1118,8314,147,1598,32,350,3326,257,326,130,257,23,558,232,83,144,1507,185,114,51,315,32,455,875,102,1417,333,1722,32,70,145,177,108,12,8,22,20,192,40,0,60,1,8,66,0,0
2020-04-08,415,1529,1503,149,1588,178,929,47,123,58,951,9568,221,1048,41,203,3021,226,1158,217,236,25,442,104,85,53,1832,135,229,150,290,30,312,1000,97,746,366,1369,73,80,188,88,71,14,9,13,18,301,22,13,47,1,135,70,3,0
2020-04-09,511,1344,1148,292,2151,129,1475,56,120,82,1129,10765,277,681,31,228,3590,547,656,138,210,7,414,132,88,160,1965,240,83,61,212,23,397,1003,125,1253,364,1155,54,69,93,257,124,18,73,9,23,340,134,22,63,4,133,41,0,0
2020-04-10,279,1465,1175,94,2033,183,919,84,123,50,1141,10794,288,974,66,255,3561,308,783,150,337,23,560,177,93,111,1749,273,137,64,260,51,468,754,118,970,366,1271,89,56,117,209,101,9,17,11,26,170,59,11,42,1,35,13,0,0
2020-04-11,339,1293,1055,281,1886,145,917,40,105,76,1018,10160,334,402,44,404,3563,383,726,114,190,21,534,149,92,74,1646,142,118,102,225,32,567,972,122,761,372,1209,90,26,153,173,84,15,23,11,30,254,13,12,63,0,104,56,0,0
2020-04-12,187,1672,902,146,2615,128,568,87,97,80,877,8435,316,0,56,210,3699,410,531,140,161,13,496,112,194,102,1181,112,97,55,136,16,197,525,77,581,354,641,103,52,146,139,71,15,21,15,17,321,19,10,109,0,35,22,0,0
2020-04-13,133,1173,1011,163,1392,87,711,65,63,57,1156,6548,311,1022,35,268,2734,388,711,176,339,5,310,85,29,99,1340,120,80,47,228,21,473,1346,123,421,370,994,138,195,136,161,100,23,9,5,65,222,42,7,6,0,3,23,0,0
2020-04-14,164,1222,1424,104,1296,127,816,60,52,49,609,7402,275,788,71,204,4240,250,536,101,171,9,298,162,45,115,1296,114,103,56,298,4,427,608,189,502,305,1355,120,23,165,145,62,10,0,8,36,148,39,5,20,0,2,59,2,0
2020-04-15,95,1346,1349,156,1755,166,803,64,129,30,906,11755,278,670,48,131,2206,339,624,75,210,13,432,85,114,79,1213,103,139,63,209,7,329,766,96,433,511,1049,181,101,88,273,77,24,19,8,36,288,49,5,51,0,29,28,0,0
2020-04-16,374,1141,1035,272,2263,154,822,100,138,73,806,8631,309,1061,72,340,4287,395,755,109,213,11,589,134,103,94,1510,275,153,92,216,9,389,1129,146,581,623,1226,143,21,61,264,113,28,1,7,26,163,22,11,69,0,40,14,0,0
2020-04-17,299,1841,1256,273,2221,170,1203,122,126,49,1413,7532,339,1014,76,396,3150,372,790,203,346,12,616,93,159,108,1807,155,126,137,172,11,601,925,191,586,693,834,100,75,248,169,114,46,8,9,31,168,46,7,25,2,6,37,1,0
2020-04-18,371,1585,1431,212,1970,154,796,132,129,59,739,7249,314,356,55,281,2953,386,738,102,201,21,495,185,142,105,1621,160,190,88,234,24,561,741,181,462,1115,764,130,82,215,181,87,89,11,5,20,151,13,4,50,0,9,49,0,0
2020-04-19,14,1197,715,210,1705,147,514,125,129,66,822,6199,215,605,50,353,3881,297,513,84,200,6,571,253,143,29,1250,131,127,77,150,9,483,412,402,348,1380,631,94,4,0,300,47,57,10,5,20,180,4,7,95,0,3,65,0,0
2020-04-20,391,1151,2318,135,1566,218,594,173,142,46,744,4867,384,828,55,271,3505,376,858,120,170,4,483,90,114,81,1013,62,134,133,140,4,453,1853,260,595,1317,580,50,190,207,238,126,42,4,2,8,175,64,0,39,1,3,18,0,0
2020-04-21,155,1551,1982,187,1556,127,914,80,88,46,811,4324,410,742,44,187,3581,341,511,107,323,2,430,143,97,127,1379,169,171,84,134,2,640,545,466,331,806,1007,70,291,186,204,101,17,16,8,13,249,30,4,0,0,41,21,0,0
2020-04-22,196,2049,1729,208,1745,224,820,100,150,57,440,5659,341,910,97,269,3478,431,581,144,364,6,361,180,154,87,1379,153,108,177,196,5,636,2109,123,463,392,1037,103,130,269,178,138,35,5,6,19,283,36,2,0,0,59,10,0,0
2020-04-23,375,1827,1961,310,3079,210,937,364,170,68,1339,6341,415,806,82,388,4124,384,963,127,488,4,621,175,221,123,1571,156,155,335,184,2,734,631,175,481,577,1280,98,207,108,259,169,30,6,2,30,222,34,3,315,0,68,42,0,0
2020-04-24,216,2723,1834,276,4946,306,944,284,161,50,885,8286,443,670,50,444,2207,993,888,190,449,5,652,231,243,103,1964,153,167,216,304,2,596,821,520,401,475,1375,84,211,134,281,145,39,20,2,28,194,34,2,46,1,18,29,0,0
2020-04-25,368,2119,1222,235,2379,331,844,424,168,76,306,10683,430,650,73,496,3327,712,1151,141,300,2,719,126,261,73,1328,183,171,249,201,16,770,661,650,372,418,674,107,99,134,284,138,55,4,0,25,187,17,1,31,2,0,15,0,0
2020-04-26,179,2126,1101,246,1590,224,715,228,173,58,689,6013,310,234,71,282,3515,473,820,99,517,2,620,169,156,60,1083,237,142,107,171,8,604,687,381,261,376,701,66,92,458,193,66,64,25,2,25,208,10,3,64,2,0,29,0,0
2020-04-27,214,1980,1517,190,1524,178,754,361,113,43,610,4077,269,770,74,205,2150,364,910,70,304,1,950,72,214,27,1019,123,51,209,174,4,565,728,378,279,362,454,33,68,128,183,97,75,18,4,8,118,20,1,17,0,116,24,0,0
2020-04-28,207,2219,1362,232,1840,225,905,126,107,31,708,3285,218,378,72,533,2668,435,626,104,235,2,646,229,365,130,1595,122,102,194,135,7,806,315,508,218,444,1012,68,58,413,248,150,49,16,6,17,211,35,2,12,3,1,18,0,0
2020-04-29,325,2253,2334,254,1963,232,971,263,156,61,347,4718,321,693,44,379,2408,441,742,122,281,3,626,163,463,63,868,146,112,210,120,0,623,455,467,374,534,974,61,80,80,227,238,42,8,4,16,175,32,0,65,4,0,14,0,0
2020-04-30,324,2563,1566,446,1940,352,1233,456,173,64,498,4702,374,1131,92,560,2388,527,883,119,251,4,690,170,492,145,2033,214,217,494,137,4,885,933,302,341,724,905,75,74,79,246,198,34,15,0,39,143,32,1,72,0,1,16,0,0
2020-05-01,320,3137,1848,314,2106,466,1270,506,157,69,1037,3879,341,1005,164,415,2538,454,1741,196,1275,1,842,171,594,130,1540,163,335,205,277,13,1055,1064,738,710,716,1000,75,29,184,397,102,40,7,9,28,226,19,0,36,0,0,26,0,0
2020-05-02,249,2450,1435,402,1952,346,1091,494,152,56,735,4559,327,832,119,592,2527,457,1002,141,595,1,688,2,498,103,1307,231,139,353,314,7,830,523,758,429,592,843,62,62,120,229,219,46,13,1,29,317,26,2,182,0,2,33,0,0
2020-05-03,560,2994,1319,276,1824,304,866,354,194,45,615,3699,188,350,89,154,3027,409,993,83,495,0,638,342,435,121,1008,137,219,314,300,11,940,0,528,200,579,612,43,59,170,109,118,38,7,3,33,277,0,0,51,0,1,11,0,0
2020-05-04,104,2341,1261,279,1000,273,835,437,151,79,819,2524,175,732,70,203,1525,272,948,154,412,1,588,147,571,72,913,131,154,208,322,5,821,686,534,363,560,193,37,38,80,327,180,34,10,2,20,224,47,2,69,0,0,29,0,0
2020-05-05,187,2049,2515,386,1184,334,1152,319,123,80,542,2302,281,526,48,412,2324,457,708,38,272,3,568,452,617,83,975,84,152,242,143,5,764,648,408,323,495,395,53,56,83,330,107,41,8,1,21,325,21,0,47,0,0,18,0,0
2020-05-06,639,2275,1939,402,1754,356,1155,329,156,77,563,2746,272,848,105,500,1297,464,1046,79,182,1,863,124,728,74,1022,95,139,266,245,1,0,374,293,403,607,688,59,86,407,217,153,57,27,1,28,254,31,0,46,0,0,34,1,0
2020-05-07,314,2638,1694,238,1696,317,1241,419,119,73,826,3526,325,800,102,648,1745,544,1213,114,371,3,656,227,785,129,1160,206,193,347,245,8,1312,789,655,253,555,564,126,83,161,262,202,48,4,3,76,355,20,0,63,2,0,21,0,0
2020-05-08,290,2886,2135,581,1612,381,1261,640,195,79,371,2873,249,565,104,448,1819,455,1116,84,168,0,678,125,723,94,1352,225,245,511,164,3,772,627,398,203,887,676,239,53,144,404,181,54,9,3,44,339,27,2,125,1,2,26,0,0
2020-05-09,152,2320,2208,434,1410,349,906,403,184,92,802,2715,210,392,64,508,1631,548,1046,104,399,1,619,171,702,66,1160,164,203,172,164,2,854,573,214,562,679,416,249,0,194,288,105,39,9,1,34,283,25,0,17,0,0,24,1,0
2020-05-10,152,1654,1227,159,1050,280,1188,95,148,68,595,2138,285,786,60,396,1447,328,1055,74,385,1,394,17,481,99,1376,122,170,122,169,5,885,570,288,183,389,381,124,265,170,123,85,27,9,1,28,221,2,0,25,0,0,15,0,0
2020-05-11,391,1461,1463,261,669,202,951,247,113,58,386,1610,176,181,89,286,1413,198,790,32,363,2,501,224,528,24,520,139,117,116,119,0,989,211,414,208,699,410,97,31,118,173,206,27,7,2,26,275,29,1,58,0,0,7,3,0
2020-05-12,210,4045,1636,356,870,200,1360,157,90,73,941,1438,164,863,79,333,798,310,691,159,354,1,542,293,695,118,850,135,96,191,99,1,730,568,539,235,472,420,49,121,176,234,143,53,6,3,15,300,33,2,43,0,1,9,0,0
2020-05-13,110,1706,2068,440,1165,290,1474,340,170,57,479,2123,221,555,60,448,817,339,753,171,484,3,368,99,423,121,787,103,99,200,245,2,946,522,377,612,470,361,69,72,211,182,152,76,13,0,38,236,31,1,30,0,0,26,0,0
2020-05-14,369,3207,1729,498,1685,378,1347,339,136,63,808,2364,181,556,83,743,1144,371,1094,122,327,0,583,295,527,110,964,159,152,116,121,3,1067,609,386,827,636,1182,60,130,271,393,139,65,13,4,50,401,27,0,98,0,0,30,0,0
2020-05-15,270,2447,2068,495,1239,588,1818,355,170,62,928,2759,203,820,82,597,1201,394,1084,129,329,1,654,181,797,124,1020,218,135,338,77,1,859,621,374,348,593,493,95,97,150,318,159,49,15,1,38,272,37,4,115,0,2,13,0,0
2020-05-16,205,2141,1918,462,1512,514,879,454,138,71,673,2185,215,413,92,819,1184,397,978,77,287,1,638,195,729,151,1050,254,171,53,227,1,1011,618,279,280,520,434,72,115,174,322,185,87,25,4,45,301,30,2,47,0,0,22,2,0
2020-05-17,178,1691,1433,306,1077,203,962,128,170,11,777,1901,240,299,40,528,1245,305,837,125,187,1,500,20,708,73,517,155,81,7,275,6,705,716,323,315,449,638,28,181,123,173,91,52,13,4,39,97,2,0,57,0,0,22,0,0
2020-05-18,242,2418,1577,233,1042,158,960,277,146,64,854,1241,121,680,56,584,1705,265,962,124,376,0,478,248,695,88,931,126,147,373,156,0,752,697,304,334,530,799,40,54,199,136,158,31,12,3,26,315,34,2,64,0,0,10,0,0
2020-05-19,232,1520,2038,396,873,288,1292,221,146,39,502,1479,156,580,69,641,974,280,1782,110,534,1,505,164,666,91,728,114,164,49,144,4,1005,314,341,329,498,484,58,110,168,272,96,63,10,0,28,290,21,1,95,0,0,12,0,0
2020-05-20,122,2415,2144,331,1045,579,1289,273,187,75,527,1478,405,948,147,459,1386,315,778,132,233,2,584,131,641,43,747,119,117,173,141,0,763,587,572,278,484,651,92,80,157,263,146,101,11,3,78,676,30,7,61,0,11,53,0,0
2020-05-21,170,2282,2363,418,1114,393,1072,304,159,16,1204,2078,215,807,67,713,1073,392,1203,103,436,4,687,139,530,148,1101,204,237,110,147,6,1229,191,302,1188,731,480,0,455,192,255,134,134,14,0,58,362,28,1,47,0,0,36,1,0
2020-05-22,246,2715,2313,293,805,596,928,238,181,47,776,1678,165,765,79,727,1247,295,894,127,394,0,492,213,805,169,1053,259,105,297,140,2,813,432,340,421,627,397,179,154,143,402,153,88,2,2,71,256,61,0,117,0,0,102,0,0
2020-05-23,214,2390,2014,432,773,428,1082,327,203,24,676,1754,216,674,75,1070,385,476,1069,238,401,1,509,124,840,111,797,257,73,51,125,2,799,382,388,117,613,439,112,163,161,381,170,48,10,5,65,479,31,0,70,0,0,24,0,0
2020-05-24,249,2441,1928,299,1013,377,599,145,132,39,740,1601,113,581,60,500,1050,208,1311,117,351,0,477,30,728,77,554,201,144,16,192,2,495,446,536,128,503,312,95,147,119,247,148,53,0,0,42,329,24,0,89,0,1,42,0,0
2020-05-25,276,1707,2274,222,596,284,440,221,129,22,879,1279,0,425,48,766,938,116,835,73,417,0,338,57,742,53,700,82,115,137,182,6,1483,405,194,623,566,200,23,107,156,206,83,39,30,3,19,508,14,0,71,0,0,11,0,0
2020-05-26,273,1238,2907,222,422,284,1083,264,101,19,509,1044,145,652,34,191,672,297,536,100,427,0,367,276,645,47,517,238,109,80,141,5,1615,430,371,336,529,224,67,151,101,273,104,0,7,4,35,664,35,0,64,0,4,72,0,0
2020-05-27,287,1126,1949,479,527,645,1532,357,88,73,379,1132,143,647,55,599,864,222,752,91,400,1,386,138,505,92,773,207,72,101,187,4,907,0,447,442,433,504,57,97,30,313,122,20,10,1,28,382,32,2,73,0,1,45,0,0
2020-05-28,266,1516,2198,501,675,690,1715,285,243,46,651,1758,141,650,103,829,1187,341,1292,97,403,3,643,197,483,41,666,165,86,60,191,3,1152,271,226,213,476,400,83,261,75,328,112,42,16,13,52,498,39,4,89,0,1,36,0,0
2020-05-29,286,1666,2972,702,617,574,1253,394,329,46,1212,1549,141,525,103,1119,1029,486,1297,128,436,2,514,178,584,68,761,343,46,313,134,1,1132,203,347,0,651,645,73,239,65,418,129,39,15,6,37,501,34,8,161,0,0,37,0,0
2020-05-30,241,1496,3057,790,789,465,1323,251,269,52,927,1363,184,448,53,1026,764,482,1031,144,477,2,665,199,659,80,716,263,179,21,169,2,1078,260,317,775,468,259,94,236,186,439,131,34,7,5,56,328,36,12,71,1,0,17,0,0
2020-05-31,196,1298,3014,681,664,169,1578,196,278,58,739,1104,109,715,106,925,837,280,794,109,156,1,365,50,660,88,429,467,84,31,179,4,996,179,285,339,479,507,33,240,76,272,65,23,5,28,43,593,15,10,58,0,3,21,0,0
2020-06-01,458,1078,2529,187,3840,141,1107,244,197,60,667,945,63,706,34,682,473,199,579,73,410,0,255,213,358,67,516,287,56,225,226,2,791,539,168,431,471,1080,41,190,107,251,111,48,7,7,24,582,53,4,97,0,0,18,0,0
2020-06-02,336,1578,2438,1127,358,398,1885,266,211,35,617,1361,121,306,64,684,627,211,796,157,1256,1,445,137,300,119,581,267,29,40,299,5,841,239,228,405,366,245,32,375,80,268,224,21,2,21,28,237,27,4,62,0,2,28,1,0
2020-06-03,168,1035,2326,995,429,673,1580,255,321,61,1317,1043,107,648,46,961,523,272,786,92,526,0,480,198,363,113,556,236,130,138,198,2,666,112,359,387,442,310,95,249,27,302,116,33,3,19,41,80,55,2,88,1,0,21,1,0
2020-06-04,223,870,2510,573,471,463,1784,251,300,76,1419,1053,106,817,81,1263,462,300,873,168,350,1,396,296,403,102,557,354,104,51,266,36,951,148,567,429,490,225,86,358,34,238,213,27,6,26,28,221,64,12,485,0,2,25,2,0
2020-06-05,547,1168,3593,1551,494,364,1993,262,486,110,1305,1042,116,752,77,1141,806,255,917,188,425,9,494,270,707,97,480,448,79,161,229,1,676,221,389,427,476,4529,30,226,27,209,319,39,12,23,36,315,57,2,112,0,0,17,0,0
2020-06-06,221,934,2637,1148,575,274,1754,164,522,87,1270,1083,0,663,66,1392,557,233,692,188,560,8,429,308,521,56,599,463,70,24,144,19,865,358,195,497,353,452,90,450,72,265,128,71,6,14,42,656,28,1,295,0,0,17,0,0
2020-06-07,297,819,2850,1407,304,249,871,91,218,137,1180,777,0,428,24,854,271,153,494,179,452,2,400,34,385,91,494,370,63,32,326,17,1284,150,267,330,365,419,71,325,97,236,140,45,8,9,46,457,14,5,70,0,0,8,1,0
2020-06-08,529,1473,2290,837,190,217,1378,118,294,118,966,712,201,624,36,918,333,182,431,142,406,1,225,308,338,55,431,514,57,175,174,12,570,124,317,236,361,296,33,314,30,498,122,19,13,19,18,425,44,3,61,0,1,17,1,0
2020-06-09,203,778,2958,635,263,275,1945,136,261,100,1096,690,49,774,53,812,299,164,519,231,648,6,432,190,299,158,532,428,85,62,237,9,487,87,160,562,325,279,52,340,48,341,43,21,10,13,18,497,29,6,139,1,0,18,2,0
2020-06-10,144,568,2894,1585,267,2353,2500,137,343,72,1371,664,65,696,46,912,550,151,571,170,514,3,312,138,366,116,446,531,63,145,266,11,439,168,462,418,413,187,81,288,36,374,145,40,10,22,31,567,36,7,144,0,0,14,0,0
2020-06-11,232,842,3570,1544,511,320,2001,290,384,153,1698,724,106,867,31,1430,470,148,709,248,387,7,417,99,447,146,534,682,52,53,262,15,470,114,370,442,429,250,61,448,50,0,118,39,29,24,30,856,41,2,23,0,3,24,0,0
2020-06-12,404,758,3576,1642,392,322,2259,198,315,136,1902,821,85,869,42,1732,348,175,439,240,452,14,400,224,479,222,634,729,65,168,187,9,564,228,352,523,420,254,77,731,67,608,158,36,18,22,54,865,51,10,184,0,1,32,0,0
2020-06-13,344,628,3149,1606,336,293,2089,121,380,155,2581,912,0,977,48,1444,441,195,673,288,398,17,421,253,377,225,410,785,55,43,216,6,658,305,337,1288,424,143,91,548,56,257,95,42,23,34,36,891,45,15,154,0,1,25,0,0
2020-06-14,215,602,2519,1180,208,281,1422,101,252,101,2016,694,0,696,19,1288,276,113,393,207,558,5,366,47,299,158,313,841,58,52,57,2,637,94,167,336,300,222,65,406,35,168,102,22,10,12,36,1014,14,13,121,1,0,16,0,0
2020-06-15,442,528,2709,1052,87,223,2184,125,444,187,1758,623,146,631,27,1058,222,169,325,117,771,8,521,211,222,186,386,585,32,269,328,3,380,147,151,552,428,56,30,416,76,283,122,21,19,4,17,657,59,8,79,0,1,32,0,0
2020-06-16,372,619,3469,2293,195,299,4247,171,320,280,2783,630,71,797,19,848,323,143,351,357,678,4,358,36,189,228,390,614,19,53,218,0,445,114,153,534,434,164,38,274,63,353,88,23,10,13,9,640,71,5,61,0,0,19,0,0
2020-06-17,321,550,4250,1861,266,338,3493,195,387,124,2610,561,49,915,72,1037,277,231,561,179,489,4,256,291,415,258,310,561,29,232,221,0,444,80,353,928,412,228,84,415,41,489,132,43,25,25,17,400,91,16,52,0,2,35,0,0
2020-06-18,393,665,3754,2572,271,444,3211,189,551,155,3207,626,56,823,14,1284,404,228,274,312,492,18,444,201,379,451,393,992,56,85,337,5,463,11,343,760,700,286,59,322,55,381,88,29,30,19,42,894,110,25,108,1,5,42,0,0
2020-06-19,382,836,3708,3183,228,302,4645,176,570,202,3822,794,68,1077,36,1588,389,286,311,361,999,27,321,238,356,352,508,1083,49,282,292,9,555,117,465,0,609,320,49,703,112,0,107,33,29,26,35,796,127,11,84,0,7,50,0,0
2020-06-20,421,618,4011,3284,286,401,4272,116,588,90,4049,707,0,1552,32,1626,338,162,415,452,620,14,334,171,436,331,390,1155,32,50,375,3,650,158,128,870,531,421,67,511,70,0,170,25,6,24,25,547,135,32,268,2,22,32,0,0
2020-06-21,331,619,3953,2468,125,284,3292,103,394,263,3494,665,0,824,26,1214,308,190,338,259,496,11,361,119,453,478,346,907,36,40,397,12,551,40,468,393,546,152,72,419,94,0,135,37,18,14,19,472,19,19,62,0,0,43,0,0
2020-06-22,646,461,5813,2101,149,251,4760,147,468,170,2926,555,122,1212,14,986,273,165,299,339,536,2,213,154,307,218,642,1008,38,318,181,4,471,27,197,462,729,271,29,522,45,1265,129,25,33,10,14,433,242,17,39,0,0,28,0,0
2020-06-23,335,667,6419,3630,229,338,5080,134,419,202,3286,598,74,1872,13,986,319,188,400,483,763,3,258,250,242,295,617,912,36,83,415,1,529,117,253,1356,590,229,27,595,27,611,144,7,24,36,23,643,145,9,121,2,3,22,0,0
2020-06-24,622,743,4850,1810,172,465,6584,129,461,145,5511,575,73,1713,27,1437,158,262,332,402,804,14,293,199,297,481,492,1284,34,451,330,20,520,14,427,882,632,338,66,697,42,526,152,44,28,21,23,967,238,23,135,2,6,36,0,0
2020-06-25,598,910,5524,3090,226,552,5473,126,629,143,5004,738,34,1506,40,1277,2158,324,463,451,873,15,519,271,360,438,455,1125,31,97,598,7,432,81,487,938,892,448,60,687,91,1092,202,32,44,45,53,1142,219,37,57,1,14,64,0,0
2020-06-26,491,877,5614,3379,233,514,5799,178,674,403,8942,804,21,1746,33,1717,388,317,307,448,1107,14,490,240,493,396,720,1313,26,522,491,7,624,65,444,1354,987,314,56,678,37,550,216,28,42,30,32,977,280,26,45,0,3,36,0,0
2020-06-27,542,724,4426,3476,373,517,6057,251,517,102,9585,697,0,1524,46,1452,289,226,328,1041,1011,6,438,304,417,299,450,1604,31,38,342,2,677,147,375,0,817,329,91,570,74,465,211,37,24,26,52,900,170,23,144,0,0,52,0,0
2020-06-28,310,581,5502,3809,224,481,4227,125,420,238,8530,624,0,1734,30,1469,309,284,328,787,132,27,364,143,516,302,385,1381,32,249,345,2,489,97,317,1467,854,240,55,508,135,368,190,37,25,33,37,358,224,11,123,0,0,50,0,0
2020-06-29,695,768,7040,641,101,387,5890,164,663,161,5266,391,103,2016,13,1514,90,205,477,784,1443,1,299,177,312,228,768,1324,44,552,494,6,453,59,354,840,737,314,35,439,150,669,173,44,33,25,28,1734,227,56,61,3,7,38,0,0
2020-06-30,505,776,8158,4797,114,620,7947,130,546,186,6093,458,49,2464,22,1372,395,203,315,611,1427,17,370,259,442,585,673,1755,35,61,527,0,598,152,278,1014,743,494,48,520,98,680,165,37,37,47,34,870,354,48,215,6,4,35,0,0
2020-07-01,717,880,7611,4753,261,584,8123,131,500,324,6563,628,40,2309,20,1751,261,314,350,569,1545,8,376,198,415,355,638,1520,38,513,320,2,416,58,466,2083,1076,429,62,420,36,652,129,39,27,42,41,917,255,49,72,2,12,75,0,0
2020-07-02,663,866,8434,3343,195,569,7434,151,602,325,10109,872,88,2886,20,1697,430,323,513,720,1816,20,437,256,494,427,839,1782,25,84,490,17,532,74,641,1383,1301,574,67,878,221,870,244,42,36,50,34,1149,309,67,71,6,9,74,0,0
2020-07-03,496,886,8100,4399,290,689,7789,184,604,299,9488,919,50,2604,35,1939,386,272,407,1007,1706,28,546,285,414,526,715,1831,45,789,535,9,658,71,372,1728,1091,453,85,547,192,914,256,65,32,60,45,1754,346,45,75,13,6,73,1,0
2020-07-04,382,858,8878,2722,210,678,5658,166,647,294,11458,725,0,2513,14,1284,291,293,302,793,1350,24,529,54,0,580,504,1854,12,150,441,2,716,0,536,0,926,396,50,587,73,990,287,57,24,55,24,997,397,39,104,1,2,79,0,0
2020-07-05,669,579,6411,3510,136,507,4430,111,288,300,10059,536,0,1897,26,1361,369,200,233,847,1133,24,575,3,512,283,481,1461,35,124,273,11,639,0,445,1937,968,325,35,605,132,226,193,37,28,32,18,1091,368,45,129,0,0,130,0,0
2020-07-06,1049,698,6282,3416,163,568,9213,115,648,176,6336,516,0,1526,17,1837,209,216,540,412,1144,7,357,752,433,434,784,1533,33,793,516,2,354,259,152,1101,805,376,42,439,165,357,251,33,41,30,8,925,423,37,669,4,13,107,0,0
2020-07-07,546,682,9897,3617,201,516,9814,153,550,241,7347,590,163,2692,18,1255,267,401,489,918,1134,41,299,356,564,858,799,972,54,75,716,3,638,57,389,1936,948,608,58,259,121,957,220,45,36,22,17,907,360,78,129,6,2,63,0,0
2020-07-08,598,945,8538,3551,264,692,9952,232,718,218,9989,691,50,2831,20,1473,252,468,469,530,2113,23,450,384,457,673,831,1557,73,650,777,2,635,75,563,1888,1277,649,79,734,48,674,290,72,29,49,20,1177,422,44,31,22,4,202,0,0
2020-07-09,708,1133,7212,4073,295,832,10909,221,711,375,8935,588,39,2155,21,1903,231,419,582,677,1775,36,520,372,574,603,817,1782,37,224,958,16,613,101,600,1843,1150,587,94,806,69,703,234,99,34,49,26,2212,594,95,117,9,2,119,0,0
2020-07-10,721,1218,7989,4164,213,1056,9923,176,820,254,11433,790,69,4904,18,2173,358,606,466,906,1693,27,738,500,604,596,940,1728,64,768,759,5,943,78,916,2642,1525,624,65,751,121,1031,298,84,16,58,13,1334,475,127,275,14,1,157,0,0
2020-07-11,236,1124,8525,3044,288,681,8332,201,619,350,10360,727,0,2977,33,2259,331,423,557,951,1757,42,791,454,804,687,678,2280,58,184,589,6,851,0,463,2167,1358,628,53,1061,91,797,224,89,49,77,21,1439,511,84,229,14,2,163,2,0
2020-07-12,855,825,7646,2488,199,806,6531,179,481,319,15300,679,0,1815,30,1835,339,300,645,833,1125,20,534,232,710,456,542,1949,46,312,524,13,888,0,715,1319,1378,437,45,503,61,868,255,91,23,116,19,1640,387,81,288,25,0,98,0,0
2020-07-13,1357,933,8530,1438,230,702,8921,230,730,341,12624,559,175,3548,14,1822,224,370,419,852,2509,21,435,365,491,510,584,1520,59,970,608,5,972,223,221,1705,1261,418,25,572,75,393,263,108,41,71,19,1958,560,150,356,11,0,69,0,0
2020-07-14,719,767,10387,4209,303,913,10906,273,492,323,9194,913,101,2642,23,2114,393,458,712,1072,1797,21,674,575,398,993,982,2221,40,82,1036,4,801,20,311,2215,1142,691,48,794,90,862,223,51,48,54,8,1710,431,130,113,26,0,94,3,0
2020-07-15,747,1396,8904,3285,217,893,11840,262,454,295,10181,834,52,3568,22,1806,390,479,740,918,2103,28,697,446,574,1075,1001,1856,80,810,920,13,1084,106,594,2091,1316,1036,80,564,81,1025,327,72,34,61,12,1812,637,111,256,6,1,150,0,0
2020-07-16,1264,1225,9264,3319,234,952,15038,199,680,412,13965,767,71,2701,26,2084,223,577,661,1437,2312,19,715,469,605,628,808,1838,50,116,859,7,904,114,878,2280,1290,896,42,817,64,1230,297,103,41,76,20,2021,662,116,195,14,1,100,1,0
2020-07-17,958,1366,10161,3845,298,882,9738,183,664,301,11466,778,82,3419,26,1976,50,592,704,1348,2245,22,747,545,666,699,1003,1977,39,926,940,9,1002,143,489,2179,1679,775,95,648,223,1032,318,124,43,49,38,2003,618,118,546,20,0,126,0,0
2020-07-18,663,1257,8272,2758,359,875,8805,184,858,389,10328,752,0,4074,23,2434,263,402,832,1234,2446,20,885,588,457,916,608,1552,79,39,827,4,940,0,411,0,1542,632,73,771,92,1017,280,115,39,74,10,2143,554,88,333,14,1,139,0,0
2020-07-19,712,985,8266,2311,296,835,7977,92,687,355,12478,509,0,2453,15,1774,0,371,925,1220,1662,27,920,850,734,209,604,2374,67,221,791,12,1057,0,499,3116,1110,551,44,695,90,792,235,112,18,118,41,1777,527,62,610,0,0,120,0,0
2020-07-20,1348,1268,8735,1676,255,801,7636,210,409,321,10347,519,111,1994,46,1335,180,467,553,979,1764,12,642,378,903,168,1114,1459,78,1085,890,10,945,162,530,3186,1236,551,37,699,105,1251,244,107,61,137,24,1880,420,107,398,11,4,100,0,0
2020-07-21,797,982,10171,3410,244,1139,9922,343,563,350,9440,855,82,3077,13,1871,293,503,860,800,2082,25,737,660,350,893,962,1892,88,62,1204,6,996,41,378,1691,1047,698,76,728,122,1635,302,81,51,111,12,1467,519,101,479,0,8,57,1,0
2020-07-22,696,1608,12162,1929,287,884,10967,296,588,179,9785,706,76,3255,33,2091,335,595,627,1154,2146,17,782,531,504,975,807,1705,102,770,1206,0,1022,127,487,2773,1527,707,58,591,46,1547,311,160,50,94,0,1455,496,99,98,28,3,262,0,0
2020-07-23,813,1624,10647,2370,327,974,9543,332,501,329,10249,810,86,4737,23,1912,242,662,658,1329,2480,55,953,659,760,668,886,1564,42,142,1469,11,844,9,588,2296,1444,694,66,1013,132,982,335,126,59,65,14,2399,467,84,435,6,2,89,0,0
2020-07-24,1023,1610,9921,3363,338,1144,7558,356,885,407,12444,758,76,3875,57,2156,458,689,930,925,2015,58,1002,800,767,1147,1189,2001,78,885,1301,8,1127,544,638,2084,1560,653,57,990,278,1610,312,121,58,64,20,1793,549,189,494,10,5,145,0,0
2020-07-25,605,1293,10231,3663,283,840,7947,238,560,320,12199,748,0,3530,40,2076,513,749,1291,980,1792,71,949,767,803,965,779,1401,68,61,1086,11,1245,0,452,0,1438,427,105,732,0,1434,313,122,41,120,33,2125,509,147,573,0,0,126,2,0
2020-07-26,538,1410,6011,1986,369,950,4129,206,350,272,9344,532,0,2214,21,1520,505,517,689,926,2871,63,851,287,862,1204,652,1191,63,185,1167,4,958,0,471,3840,889,1085,90,642,115,1207,265,140,29,234,24,1164,342,82,603,9,0,139,0,0
2020-07-27,1126,1363,7765,1877,289,638,6557,281,466,358,8892,613,291,2431,5,1810,449,359,1130,961,2539,28,536,568,650,1244,1222,1218,78,790,1336,2,1505,207,339,2343,1104,579,49,824,116,653,449,110,45,104,18,1821,574,64,288,14,9,94,0,0
2020-07-28,1028,1146,7848,2076,256,791,10554,241,438,297,9230,535,210,4131,59,1688,483,697,655,1111,2449,46,841,626,478,1228,1134,1692,87,55,1412,3,922,94,232,1121,1320,696,48,734,70,1342,289,155,69,144,6,1251,482,85,409,0,3,119,0,0
2020-07-29,724,1379,11088,2367,502,1005,9042,308,462,386,9446,711,75,3509,13,1727,426,465,755,946,1827,108,660,603,666,848,855,1737,54,683,1458,1,999,463,695,1737,1396,1001,149,787,126,1505,345,86,39,92,28,1416,492,204,221,10,2,153,0,0
2020-07-30,800,1865,8230,2544,414,992,10243,318,375,361,9956,779,150,3998,31,2364,204,453,894,1097,2021,124,965,653,745,1105,869,1726,58,67,1988,1,911,130,662,1708,1733,900,44,791,87,1775,252,74,58,117,22,1980,568,134,511,0,3,96,2,0
2020-07-31,626,1869,8004,3203,514,909,10956,445,544,344,9007,642,72,3797,39,1979,690,610,1167,1108,2978,122,917,849,771,746,934,1444,69,877,1403,7,984,140,468,1799,1533,826,79,752,99,1168,212,168,40,118,24,1961,475,148,209,21,2,220,0,0
2020-08-01,923,1531,7234,2911,428,1044,5134,180,496,307,9642,754,0,3492,30,1645,369,409,1018,1065,2311,86,973,631,725,1250,681,1583,79,26,938,7,913,0,540,0,928,698,103,662,89,1134,196,133,43,150,25,1626,378,104,1091,15,3,93,2,0
2020-08-02,512,1482,6430,1454,418,926,6535,311,421,280,7104,531,0,2722,21,1266,321,442,910,1063,1349,45,758,354,759,495,570,1189,69,194,565,5,981,0,430,3467,944,407,88,637,72,672,220,58,39,157,21,2095,234,112,539,0,0,119,1,0
2020-08-03,851,1524,6298,1033,199,481,8782,254,396,298,4752,542,224,1954,26,1467,264,320,870,966,1096,206,580,534,613,385,899,1163,39,859,1099,1,1324,252,182,1099,932,646,65,787,106,572,114,125,40,80,12,1217,373,56,380,18,9,119,1,0
2020-08-04,817,1360,5023,1031,546,792,9564,222,447,305,5446,746,144,2952,33,1488,356,373,711,1020,1752,143,833,709,602,866,828,1239,85,59,1214,4,1145,48,326,3615,1143,790,59,784,82,1074,210,148,36,61,5,1041,519,111,533,24,7,78,0,0
2020-08-05,561,1876,5518,1693,440,984,9362,311,460,279,5409,639,91,3933,26,1218,335,651,584,663,1653,172,741,614,618,1103,727,1282,45,788,1061,5,798,115,605,1486,1199,752,89,912,159,1245,226,124,39,58,17,952,497,121,327,38,14,108,0,0
2020-08-06,667,1991,8237,1514,231,892,7635,332,554,271,7650,694,130,2905,23,2024,374,490,598,786,2214,151,1056,612,861,840,802,1325,75,106,1224,9,818,20,723,1303,1166,774,105,735,69,956,207,120,35,40,5,1938,656,140,283,21,8,118,1,0
2020-08-07,919,2017,7129,1360,417,1117,8164,283,498,408,7686,720,127,3976,37,1555,360,448,797,928,2421,201,1245,712,545,839,784,1422,71,813,1146,3,2015,75,361,1500,1204,813,98,1011,80,1036,192,150,42,65,17,1709,563,150,752,6,14,156,0,0
2020-08-08,371,2049,8016,1122,420,975,6339,141,291,353,8502,706,0,4032,39,1882,368,410,762,848,1785,231,1039,839,916,836,588,1241,64,26,389,6,1307,0,391,0,1294,696,106,772,57,1210,150,181,13,85,12,1872,520,118,738,0,1,130,1,0
2020-08-09,902,1366,7086,860,329,604,5787,187,309,261,6229,513,0,2839,13,1335,344,308,908,797,2063,152,1046,330,797,491,646,975,100,153,1185,5,897,0,608,2653,879,507,128,572,73,527,200,88,37,100,16,1161,204,63,697,19,0,131,0,0
2020-08-10,977,1429,11023,548,275,592,6790,264,357,216,4155,478,196,2129,9,756,258,305,756,744,1179,140,663,423,618,401,957,724,54,949,987,3,663,247,245,562,883,637,58,645,59,476,129,117,0,66,7,1686,470,80,700,29,6,60,1,0
2020-08-11,394,1593,11811,1146,392,719,7716,334,349,294,5831,667,119,3644,21,1068,444,383,582,586,1036,118,891,698,323,763,792,971,89,87,1067,10,996,117,357,1164,1095,889,50,383,65,644,199,172,31,50,1,831,500,93,582,63,16,121,0,0
2020-08-12,551,1729,9019,742,293,559,6927,214,345,247,8109,706,76,3763,26,1339,449,360,556,524,1486,202,712,1109,469,667,904,844,63,796,1423,6,776,22,452,1184,1422,464,102,703,66,1081,173,85,13,66,20,935,513,167,671,0,15,133,0,0
2020-08-13,925,1929,8115,1328,423,1076,6980,416,356,286,6236,736,111,2326,34,1593,656,395,769,680,1998,354,1067,760,690,709,985,935,65,110,1561,6,1101,76,705,1135,1178,1138,82,652,202,612,171,201,33,95,19,771,534,138,372,65,28,143,0,0
2020-08-14,486,2250,10031,960,305,980,8865,328,511,299,6148,724,95,3319,43,1538,570,345,702,988,1978,231,1103,706,730,792,824,932,94,1159,1372,17,1216,115,594,1298,1131,850,127,626,373,944,173,151,64,119,26,752,498,134,682,30,25,123,1,0
2020-08-15,555,1678,8738,860,471,799,7673,253,365,404,6352,738,0,3016,16,1412,278,281,807,848,1306,282,1054,665,690,905,757,1041,41,48,1137,8,912,0,793,0,1117,1018,94,0,56,825,142,122,44,85,29,1271,308,99,567,0,0,183,0,0
2020-08-16,758,1563,6527,884,394,686,8121,131,239,244,3779,609,0,1821,8,1155,13,320,535,726,1849,217,743,206,739,544,544,615,61,201,1051,6,937,0,382,1181,613,492,156,673,55,381,106,143,59,106,24,853,174,88,311,7,0,107,0,0
2020-08-17,615,1874,6483,473,248,550,5594,191,284,199,2678,410,237,1676,16,831,312,203,504,648,1122,173,605,727,564,369,611,456,53,1049,1395,12,734,370,382,567,775,549,86,412,85,276,92,60,45,50,29,571,319,59,754,19,56,68,3,0
2020-08-18,523,1864,5508,904,222,721,8162,262,349,224,3838,662,120,2840,13,1199,331,283,504,730,1054,134,890,660,345,615,600,719,52,88,871,3,861,0,372,640,861,655,83,410,57,795,79,135,29,67,16,1357,373,57,953,36,19,99,1,0
2020-08-19,562,2082,6243,637,352,687,5403,215,362,202,4115,626,103,2574,19,1350,319,269,435,375,2014,260,509,688,557,597,664,739,29,701,1043,3,737,59,340,796,958,708,123,729,50,1348,170,186,70,70,21,1117,343,109,221,32,22,70,0,0
2020-08-20,690,2001,6659,737,313,863,5277,308,456,289,4555,599,76,3033,14,1931,100,342,568,572,1450,235,949,742,690,746,786,909,55,112,1110,4,876,118,992,918,1122,536,125,549,75,894,202,274,38,85,18,971,423,119,209,41,105,181,0,0
2020-08-21,503,2222,6590,620,488,828,5505,278,513,259,4684,707,151,2881,21,1922,290,373,678,874,1672,228,1055,732,825,1077,725,1058,60,966,1309,4,965,87,798,899,1043,58,193,887,52,874,144,232,56,71,33,1183,258,144,703,91,63,84,0,0
2020-08-22,566,2348,5334,984,144,845,5751,154,334,276,4311,651,0,2614,21,1622,529,281,579,577,1434,284,1013,793,734,853,699,917,65,133,1247,12,1212,0,665,0,1119,1312,251,547,58,945,207,262,19,91,32,900,298,153,731,0,0,119,0,0
2020-08-23,392,1833,4619,208,0,465,2988,109,175,227,2974,581,0,1619,15,1424,148,502,578,528,1634,244,617,176,717,566,519,693,56,182,871,4,894,0,445,1223,637,734,141,375,67,626,94,140,36,64,18,528,165,52,319,24,0,87,0,0
2020-08-24,547,1764,6292,304,662,550,5477,158,326,236,2258,404,280,2210,27,1537,225,259,550,395,675,169,1660,656,714,357,567,563,49,1282,915,9,664,492,500,623,849,941,149,320,47,511,73,124,24,70,21,1650,287,66,722,14,140,40,0,0
2020-08-25,342,1756,6084,872,398,698,6086,332,419,234,2673,629,70,2253,16,1258,302,476,386,442,826,215,858,741,409,650,557,937,45,81,992,6,1005,29,665,550,844,926,82,480,20,801,66,229,31,0,12,532,388,139,102,32,77,83,0,0
2020-08-26,573,2060,5292,202,336,767,6129,348,428,167,3220,568,82,2629,9,1523,236,170,442,217,1899,275,943,744,532,666,520,605,38,1475,1342,5,823,180,1258,1404,1089,903,120,649,24,904,197,238,50,50,21,2012,320,158,24,0,136,145,0,0
2020-08-27,545,1726,5352,677,368,916,3811,374,370,200,3269,789,135,2523,35,2007,307,360,562,592,1783,306,1163,780,1154,712,635,505,72,138,1325,9,1121,130,2620,677,1244,846,567,722,0,585,188,333,38,81,25,1769,358,153,639,45,112,93,0,0
2020-08-28,645,2454,5427,522,460,848,4845,335,403,294,3815,635,94,2300,22,1439,358,452,588,660,1631,264,821,615,850,710,866,1353,57,1106,1536,3,1013,145,1344,606,1296,812,323,838,107,599,122,310,41,122,22,1162,317,126,605,0,55,191,0,0
2020-08-29,437,1754,4109,623,446,783,5342,317,415,224,3197,635,0,2359,30,2379,349,168,644,592,1496,309,1125,977,1017,1093,752,1298,74,101,1524,16,1217,0,1008,0,1216,801,425,795,266,735,136,374,21,111,53,1704,231,170,562,54,0,143,2,0
2020-08-30,288,1973,4089,378,199,544,2713,293,368,261,2583,709,0,1137,8,977,291,189,496,405,939,200,882,256,932,667,561,1075,34,102,1160,11,938,0,763,1624,922,494,380,478,0,647,105,218,36,51,23,1346,160,84,298,5,0,143,0,0
2020-08-31,596,1903,5954,171,304,422,3770,241,312,169,1885,649,266,1425,21,1479,349,282,456,337,1784,132,883,714,675,713,703,668,33,1396,1195,8,847,384,653,326,895,565,187,368,86,274,69,114,22,39,14,823,222,100,351,5,108,140,0,0
2020-09-01,343,1433,4087,509,355,955,5217,287,339,235,7569,757,53,2306,22,1977,330,321,611,390,1241,181,711,878,491,666,751,854,57,84,1086,11,1021,127,594,689,1453,806,240,273,106,634,108,184,24,34,22,1558,447,86,222,4,52,257,1,0
2020-09-02,493,2167,5407,523,0,573,4310,421,445,127,2402,710,76,1938,12,1174,308,274,455,219,1559,338,865,942,733,719,986,657,28,1038,1560,2,927,102,617,1151,1157,634,254,615,14,781,152,267,45,72,19,623,356,189,582,1,47,135,0,0
2020-09-03,566,1433,5366,1066,415,858,3477,474,462,271,3571,888,65,2574,38,1651,378,288,696,392,2195,211,1118,1363,1038,909,1001,1193,58,226,1418,0,1126,101,1230,813,1345,790,334,1392,104,751,200,362,28,106,50,1046,302,188,195,6,66,203,0,0
2020-09-04,601,5538,5290,722,212,1400,5468,192,528,249,3198,863,100,1991,21,2057,449,341,828,464,1092,271,1040,1433,843,1013,959,1629,51,1294,1602,5,1111,156,1064,822,1332,1077,259,1174,99,823,90,344,50,129,15,1108,267,143,43,0,59,192,0,0
2020-09-05,179,2629,4381,832,438,998,4457,144,424,252,3656,799,0,2168,56,1276,325,341,772,401,1773,219,1083,516,914,1147,764,964,52,2,1719,5,948,0,933,0,1341,797,293,548,140,539,146,361,17,98,35,1410,256,132,251,17,52,252,1,0
2020-09-06,469,1424,3159,254,366,889,2092,86,296,188,2564,729,0,1492,23,1017,311,264,453,527,1696,162,843,156,707,420,601,663,41,100,1210,1,1199,0,520,1395,773,43,220,698,151,410,59,297,26,89,15,511,169,94,41,14,0,123,0,0
2020-09-07,116,1343,2456,199,229,575,871,84,392,146,1838,525,0,531,29,1071,332,197,821,337,942,104,590,373,638,613,756,655,36,1258,872,3,645,0,327,309,778,1078,191,356,206,242,37,170,0,34,19,659,100,68,842,9,0,163,1,0
2020-09-08,563,1580,3425,77,171,749,4218,502,372,164,1823,557,349,1446,18,938,277,180,356,117,649,197,390,332,383,833,533,301,47,469,1249,3,836,417,481,256,656,596,103,477,59,249,37,71,71,33,12,633,308,69,129,1,94,86,0,0
2020-09-09,480,1385,3083,500,181,913,4722,440,306,119,2056,573,84,1940,23,911,329,288,336,152,852,98,724,641,260,876,867,305,25,511,1402,2,882,89,576,1561,973,968,168,498,0,426,87,238,48,65,21,811,246,90,3,6,45,147,0,0
2020-09-10,597,1959,3822,454,403,1589,2739,456,452,187,2583,756,106,1964,56,1274,424,285,504,303,1879,169,788,934,381,771,677,379,25,54,1231,5,1236,222,954,464,1121,944,263,548,158,517,161,332,48,125,26,1148,320,195,772,4,88,209,0,0
2020-09-11,465,2376,4107,523,440,1440,5407,468,607,227,3650,861,123,1654,47,1599,474,305,643,266,1352,170,1274,897,467,942,1009,2454,81,950,1608,7,1115,233,851,755,1240,1423,283,1184,93,853,134,241,65,108,32,1138,327,123,302,0,17,157,0,0
2020-09-12,367,2008,3456,603,554,1430,2626,267,487,268,3190,849,0,2077,32,1371,449,430,659,405,1289,129,1074,838,872,1017,891,932,59,5,1800,9,1300,0,805,0,1242,729,320,723,167,445,98,467,33,106,42,943,234,129,511,19,0,347,1,0
2020-09-13,220,1383,2808,386,286,1621,4020,80,616,181,2423,725,0,1396,44,1020,297,330,724,357,758,112,1243,420,723,695,0,1886,40,10,1518,7,874,0,471,1281,837,27,201,509,123,254,100,426,49,62,29,1109,105,91,288,0,0,178,0,0
2020-09-14,684,1529,3673,212,254,841,4606,454,559,151,1736,586,225,984,18,1122,334,391,547,241,2188,79,735,575,638,869,1409,816,30,1463,1454,12,757,569,394,492,1079,1201,163,408,88,144,81,254,46,77,40,704,291,127,370,1,64,121,1,0
2020-09-15,361,1511,2855,489,313,1438,6962,328,566,176,3116,767,120,1657,34,1039,436,543,598,240,1194,64,690,804,402,1091,1037,790,65,135,1630,6,943,136,653,371,1001,702,193,870,200,505,81,233,46,43,15,701,322,117,422,11,39,156,0,0
2020-09-16,492,1902,3401,696,306,1499,4525,449,753,192,2355,653,108,2007,32,1314,390,493,642,248,1708,101,580,737,462,970,808,652,56,823,1310,0,845,135,958,612,1033,804,297,722,97,711,118,269,128,52,23,927,288,206,112,0,47,220,0,0
2020-09-17,387,2088,3626,1752,429,2118,4389,502,892,212,3255,893,130,1856,34,1507,569,545,630,415,1302,159,838,689,909,1034,924,1324,47,210,1557,3,1101,220,1185,478,1067,1012,395,992,84,701,158,390,86,105,21,670,330,234,583,6,32,234,1,0
2020-09-18,482,2226,4492,2000,454,2592,3229,466,1124,283,3204,793,132,1951,47,1365,487,664,542,361,2005,137,1037,743,1085,1249,747,872,62,1364,1993,1,1242,141,974,979,1011,764,389,871,48,497,151,507,95,115,43,1106,434,213,817,19,29,253,0,0
2020-09-19,303,2461,3640,0,599,2398,3262,410,1107,249,3573,983,0,1889,59,1079,461,417,548,371,1310,109,1082,913,914,1237,701,922,50,17,1247,4,953,0,946,0,951,554,369,1078,83,655,162,377,33,85,30,1301,266,259,1309,0,0,191,6,0
2020-09-20,283,1316,3001,467,359,1734,5546,286,881,202,2521,865,0,1037,27,1227,453,554,549,390,1604,77,746,345,1296,1003,663,468,53,13,1206,5,856,0,625,936,762,36,252,563,117,277,67,351,91,91,44,798,144,132,845,12,0,180,0,0
2020-09-21,634,1659,4142,233,256,1313,22276,305,630,197,1685,575,312,879,5,1115,392,688,412,205,1104,56,523,492,925,1101,805,416,23,1523,1814,4,627,497,596,243,856,1507,173,641,101,192,104,286,73,71,27,818,428,184,638,0,73,117,1,0
2020-09-22,430,1479,2860,595,173,1737,4333,440,654,324,2470,751,112,955,38,1165,426,616,341,257,821,63,613,719,480,1164,783,2665,43,281,1760,2,872,136,668,752,685,751,320,617,94,465,107,264,72,46,40,804,480,283,120,9,43,213,0,0
2020-09-23,809,1820,3271,438,543,1883,4482,450,890,190,2590,666,133,1867,17,1173,408,634,384,531,1522,167,714,966,678,1089,861,897,29,1118,1550,1,580,155,1282,616,903,886,445,982,69,552,197,473,153,54,25,569,354,242,64,12,45,120,0,0
2020-09-24,555,2289,3323,568,481,2467,4828,453,1219,356,2541,953,134,1537,37,1805,564,559,500,431,1053,88,903,640,912,1083,848,1021,56,106,1361,2,902,157,1037,577,991,1108,463,1086,117,737,237,470,136,140,44,1053,517,347,1182,0,28,202,0,0
2020-09-25,552,2755,4062,515,488,2612,3265,431,1370,459,2847,909,0,1755,41,5422,548,761,557,592,1648,131,1175,920,1177,1276,830,1195,57,1391,2059,7,941,115,1038,706,1150,1043,457,897,138,722,263,434,115,118,20,2452,681,275,1063,6,23,247,0,0
2020-09-26,365,2308,3479,459,569,2894,2998,434,1019,253,2795,1006,0,1464,36,1583,750,467,478,534,1436,127,1163,888,1470,990,886,1371,52,0,1395,8,975,0,877,0,1115,929,579,809,71,645,205,495,45,111,25,933,183,287,508,21,0,205,0,0
2020-09-27,308,1588,2484,411,592,2249,5897,467,1060,239,1882,868,0,768,51,1166,698,499,567,356,1832,98,902,347,1075,823,833,614,35,126,1176,3,736,0,716,923,800,37,408,487,104,182,152,344,168,115,28,730,90,183,891,0,0,190,0,0
2020-09-28,774,1898,3098,276,430,1822,3140,515,826,175,738,836,243,642,36,1090,559,495,476,493,954,87,860,618,904,861,872,568,14,1815,1779,3,449,560,632,240,993,1373,197,807,129,190,141,259,121,118,12,662,885,412,1118,1,0,164,0,0
2020-09-29,415,1504,3143,672,512,2424,6864,466,694,302,3266,1188,132,1056,25,887,456,491,434,378,868,85,746,918,809,1025,1577,1179,36,158,922,4,923,182,978,533,1105,1117,259,706,142,589,172,418,67,125,37,571,468,287,1045,0,157,180,0,0
2020-09-30,549,2262,3186,326,532,2428,3484,520,917,257,1948,1005,192,1466,33,1620,708,632,412,393,1498,119,968,909,688,980,916,308,26,1006,1249,3,755,221,1014,610,1080,1175,392,942,82,552,278,445,127,105,54,1147,695,354,288,0,45,156,1,0
2020-10-01,606,2176,3181,703,754,3004,4039,621,1046,311,2628,1383,166,1525,51,2214,614,633,780,423,1244,105,1164,789,1066,1170,943,381,32,146,1713,3,450,192,1235,551,1327,990,747,1124,174,696,226,372,135,131,40,1043,366,447,312,8,62,176,0,0
2020-10-02,561,2429,4058,564,761,2820,5896,792,1076,315,2660,1601,162,1396,217,1817,740,731,714,778,1079,94,1500,947,1166,1190,1192,862,65,1321,1947,13,966,555,1000,817,1495,993,386,958,150,672,339,476,131,126,37,954,613,418,680,0,67,283,0,0
2020-10-03,433,2267,3130,625,672,3022,5449,426,1056,332,2787,1728,0,1535,63,2014,947,475,483,544,1190,133,1455,1010,1421,1189,0,1706,50,22,1101,10,1116,0,819,0,1157,1179,464,746,188,609,296,440,151,147,18,1682,174,446,628,1,82,161,0,0
2020-10-04,367,1411,3141,354,644,1923,3029,404,1387,259,1868,1226,0,837,48,592,626,460,591,305,1392,70,1087,510,1039,569,1891,691,46,33,865,7,1067,0,442,893,941,51,432,488,118,321,181,416,139,189,33,789,262,248,300,0,0,160,3,0
2020-10-05,675,2210,3086,334,515,1839,4095,452,1115,285,1415,937,343,21349,35,2404,511,640,492,410,2341,50,784,701,973,665,965,577,28,1338,1606,32,687,823,517,218,1057,1470,180,417,120,215,155,312,125,211,26,544,868,389,630,0,136,114,2,0
2020-10-06,492,1562,2602,846,495,2106,4656,498,716,291,2251,1394,177,974,51,1393,629,506,414,492,1654,83,996,954,941,1364,1129,811,105,260,1875,4,625,121,648,532,1335,1144,278,641,103,975,315,503,141,145,20,764,655,506,432,0,65,194,0,0
2020-10-07,806,2624,3410,621,535,2490,5975,639,1073,299,2582,1356,180,1668,69,1911,509,875,467,464,2029,106,1288,928,911,1006,1295,735,45,1054,2090,6,509,123,1296,2156,1424,1230,1030,809,84,563,425,493,129,128,39,941,746,561,31,1,50,203,0,0
2020-10-08,727,3111,3651,849,444,3237,4566,663,1453,475,3306,1835,269,1373,78,2389,1298,776,761,471,1979,101,1461,881,1271,1212,1421,1050,68,165,1470,11,1844,384,1544,524,1539,1417,535,1265,132,578,384,527,193,135,35,557,615,572,526,2,66,186,0,0
2020-10-09,610,2776,3844,694,765,3218,4509,109,1332,417,2908,1593,249,1792,92,2018,865,882,733,814,1558,164,1834,1083,1390,1524,1381,921,78,1790,2302,8,1114,290,1274,257,1840,1332,774,1167,145,862,485,656,243,180,27,1490,826,712,598,0,55,382,0,0
2020-10-10,386,2782,3074,884,639,2921,3517,1719,1390,387,0,1448,0,1417,122,2203,864,979,517,678,1770,71,1925,997,1516,1533,1452,945,75,107,3165,11,1256,0,1076,0,1356,1526,732,908,171,957,481,588,120,251,30,1061,253,640,472,1,67,206,2,0
2020-10-11,304,2702,2774,590,563,2674,2992,495,1147,338,5570,1143,0,1235,51,1605,751,705,684,459,1833,101,1570,728,1440,766,1016,785,66,38,282,11,811,0,842,1181,1291,42,617,613,132,294,261,637,156,258,27,816,228,615,307,0,22,215,0,0
2020-10-12,738,2770,2883,497,760,2229,4057,457,1035,209,1533,1032,0,2991,65,1495,469,747,504,511,2819,42,1574,716,1171,797,1024,649,38,1927,979,8,854,1339,510,60,1430,1836,361,654,159,296,379,473,191,197,29,734,508,472,563,0,92,153,0,0
2020-10-13,1046,3405,3654,677,749,3482,5509,704,946,316,2725,1391,666,1181,71,1783,988,915,482,537,1178,61,1572,893,1135,1309,1829,828,46,234,1036,10,1235,320,1080,682,1447,1558,414,680,105,713,351,508,162,155,28,1117,1324,477,306,3,96,274,0,0
2020-10-14,757,2964,3480,911,580,3304,5852,924,1193,387,2883,1235,204,1544,70,1970,939,791,574,557,1717,98,1165,1311,1369,1122,1283,926,64,1273,3717,3,805,164,1374,880,2039,1567,876,1079,71,876,577,702,213,143,36,784,547,639,976,0,75,263,0,0
2020-10-15,770,4087,3286,1088,587,4039,5809,961,1470,361,3356,1464,274,1791,77,2526,971,1238,629,554,2215,88,1947,1132,1163,1221,1546,1297,34,150,1929,14,1331,167,1327,743,2178,2517,797,1278,95,1322,668,706,198,165,20,1185,937,722,569,1,86,264,3,0
2020-10-16,695,5008,3722,760,767,4172,5590,1296,1478,411,3449,1703,253,1786,88,2694,810,1269,780,751,744,85,2298,1354,2290,1472,1683,1147,89,1694,2622,12,1183,802,1514,774,2148,2218,793,1015,164,1116,812,864,290,228,29,1212,763,631,327,0,111,498,0,0
2020-10-17,521,3568,2156,904,584,0,4426,610,1331,369,4044,1788,0,1589,111,1988,934,1092,641,1016,2509,94,2485,1059,1694,1195,1485,961,79,107,1890,11,1114,0,952,0,2234,115,806,883,218,751,573,744,151,214,48,1288,348,610,238,6,0,221,6,0
2020-10-18,349,4083,2137,737,730,0,5383,734,1097,216,2539,1390,0,1305,69,2096,1275,999,686,526,2518,82,1605,715,1722,796,1102,776,36,106,1502,11,900,0,636,1143,1562,78,658,644,151,233,445,717,209,224,26,964,510,537,643,0,0,280,0,0
2020-10-19,920,3579,4271,784,828,7525,4704,749,1178,267,1707,999,656,1881,52,1435,1192,924,494,604,3141,35,1583,905,1627,774,1670,619,25,1894,2093,9,690,1191,780,201,1837,4718,567,531,103,353,514,659,286,204,23,859,1031,682,657,0,218,212,0,0
2020-10-20,522,3702,4428,1006,976,4721,5869,592,1071,350,3662,1201,302,1336,82,1607,988,1239,586,701,1527,84,1500,1288,1092,1475,1546,884,50,267,642,10,926,434,1096,699,2015,1894,621,844,129,730,594,1029,215,211,27,1043,1030,698,693,2,130,226,2,0
2020-10-21,779,4009,3060,1009,702,4327,6472,899,1394,309,2144,2029,474,1459,89,1852,1030,1279,491,514,2306,77,1734,1379,1060,1307,1359,864,53,1416,2544,15,1018,416,1234,1363,2366,1908,587,1155,50,801,819,499,322,210,38,1146,769,617,187,0,82,215,0,0
2020-10-22,740,4960,6273,966,1049,3628,5293,977,1526,367,5558,1629,471,1707,77,2408,1162,1394,753,835,1979,99,2856,1472,1561,1628,2054,1128,39,247,1876,16,1332,502,1798,772,2425,2245,973,1202,153,958,662,887,271,231,37,1390,1022,918,207,6,88,323,0,0
2020-10-23,825,5014,5901,996,1070,4626,7676,1392,2011,532,3689,1636,524,2163,118,2116,1045,1428,712,1016,3528,139,2467,1461,1711,1373,2258,1064,72,1576,2560,29,1180,679,1354,699,2518,2026,1185,1337,159,795,791,887,426,277,31,3852,1139,864,1947,3,85,335,0,0
2020-10-24,583,5900,4317,988,1203,4660,7267,587,1563,382,4471,2058,0,1682,126,2905,1909,1922,674,891,2584,89,2741,1458,2259,1829,1711,792,97,55,1875,27,1088,0,1356,0,2858,3257,939,1183,160,1212,872,935,260,372,42,2360,881,549,296,0,34,320,0,0
2020-10-25,498,4031,2700,1302,1077,3778,3935,585,1916,362,2385,1633,0,1343,90,1689,1129,1753,911,863,3317,117,2152,1229,1680,1051,1386,1337,61,64,1497,30,999,0,1286,972,2309,130,1062,797,114,0,823,845,236,529,64,1079,380,731,1223,0,41,194,0,0
2020-10-26,1123,5019,4362,993,1212,3199,6648,843,1030,353,3377,1192,906,3931,69,2031,1216,1944,564,532,2252,35,1972,1235,1570,663,2492,823,45,2232,2490,10,904,2047,960,227,2116,4109,538,612,207,675,723,522,436,348,53,967,1056,700,632,2,120,317,4,0
2020-10-27,573,4004,4928,965,1260,5331,7235,860,1163,367,4298,1994,421,1223,133,2175,1647,1425,903,808,1928,62,1986,1735,2164,1010,2272,1078,94,288,1724,30,1134,538,1654,922,2509,2660,989,952,81,854,583,889,329,383,57,1115,882,842,362,3,82,483,0,0
2020-10-28,899,6116,4050,1101,1181,4131,7770,1130,1617,407,4115,2029,499,1628,111,2232,1670,1503,681,686,2581,55,2570,1985,1908,743,2332,912,67,2724,2420,7,1345,490,2059,1098,2607,3534,1270,961,143,1000,657,777,340,354,76,1269,915,629,90,2,48,358,0,0
2020-10-29,883,6418,4225,1251,1346,5134,7110,1468,1803,565,4198,2497,368,1714,127,2853,1550,2051,957,990,2458,71,3624,1832,2867,1041,2235,1100,101,353,2970,21,1429,1319,2321,394,3590,4108,1000,1072,161,970,1078,1223,361,364,80,1443,998,881,1211,0,83,402,0,0
2020-10-30,1145,8519,4933,1589,1582,5380,6668,1549,2266,595,5592,2258,562,1317,116,2812,1976,2262,925,1224,2605,99,3182,2103,3155,1302,2499,1003,70,2930,2983,14,1456,761,2741,433,3845,3434,1559,1162,198,749,1005,1353,521,386,103,1347,980,1063,945,9,79,524,0,0
2020-10-31,687,6416,3419,1863,1430,5778,7428,1062,1738,535,2331,2052,0,2474,200,2574,1363,2917,793,806,1591,62,3465,1624,3007,1267,2230,1018,122,3,2095,24,1551,0,2825,0,2915,3804,1433,1316,200,824,581,1433,270,444,98,1789,622,806,385,14,53,470,0,0
2020-11-01,529,8303,3635,1522,1131,3553,4338,905,1840,496,4865,2259,0,1069,130,1901,1743,2796,1034,750,735,80,2752,1356,2200,1349,1684,1411,103,38,2216,17,1202,0,2299,1071,3303,337,1332,867,175,340,742,1127,425,350,47,1700,475,694,533,0,9,423,4,0
2020-11-02,1678,6421,5251,809,842,3551,7991,1239,1257,559,4651,1632,1246,3561,106,1771,1368,2181,850,649,2617,72,3076,1216,2948,1084,2743,894,69,3804,3797,23,1026,2651,1600,275,2909,6634,526,584,185,365,872,972,444,351,84,907,977,822,1511,0,3,352,0,0
2020-11-03,821,6598,5242,1548,1036,6253,8512,1215,1608,482,4637,2317,423,1633,128,2180,1824,2543,772,1062,1778,82,2890,1641,3476,1331,2868,1035,86,459,2374,18,1261,985,1879,1153,4229,3664,1004,878,115,644,1136,1172,452,391,127,1037,1255,905,771,9,119,358,0,0
2020-11-04,1483,7658,5239,1012,1714,6138,10627,2025,2188,589,4423,2126,579,3219,115,2623,2443,2992,983,1209,3354,150,3706,1969,3827,1246,2772,918,77,2895,3203,30,1157,530,2739,1016,4071,4327,937,1293,108,766,1011,1114,425,411,151,1848,1287,790,77,3,91,394,0,0
2020-11-05,1368,9991,6276,1990,1862,6275,8975,1916,2803,790,6257,3002,628,2418,245,2930,1962,3814,1192,1192,2150,92,4423,2228,3942,2101,2815,769,81,460,3521,36,1366,1687,5480,681,4961,6010,1360,1548,219,1612,859,1536,365,314,183,1381,1214,1012,396,0,101,560,0,0
2020-11-06,1664,11356,6713,2118,2113,6434,10014,2632,2928,769,5245,3208,630,2671,204,2914,2161,3227,1540,1552,1735,133,4648,2298,5442,1878,3648,1233,110,5178,5018,23,1568,1065,3472,870,5008,4287,1488,1870,282,967,1284,1765,996,525,184,1556,1491,988,1103,2,73,540,2,0
2020-11-07,1097,12177,5203,2423,2302,7494,5929,1702,2944,979,4452,3587,0,2055,229,2439,3202,3214,1234,2068,4311,123,4911,2069,4647,4507,3236,1870,99,66,3591,21,2103,0,4372,0,5549,6283,1337,1598,223,1031,1277,1602,192,605,159,1768,1032,936,1013,15,0,655,0,0
2020-11-08,1090,9919,6040,1915,1823,4342,6935,1574,2383,861,6820,3430,0,1360,247,1868,2013,3259,1253,982,3470,127,4652,1174,5908,0,2580,946,110,134,3009,45,1302,0,4944,1266,4541,379,1428,1038,345,804,1210,1101,713,518,90,1205,684,731,93,0,0,662,0,0
2020-11-09,2250,11035,6762,1347,1328,4536,9798,1582,2247,707,3924,3149,1629,1629,211,1674,2058,3877,1373,1015,5673,58,4133,2137,3926,2197,4562,703,86,5493,5220,23,1302,3338,4327,391,4706,9051,907,945,305,516,1408,1153,700,473,195,1170,1501,439,476,0,396,401,2,0
2020-11-10,1531,12673,8743,2799,2154,7416,11644,2192,2655,754,4353,3964,789,4252,220,2984,3777,3499,1325,1279,1979,69,4866,2140,4893,1702,4322,1347,86,462,4498,47,1435,1524,3917,1330,6508,6869,1023,1424,204,933,1258,894,1232,530,172,1710,1297,1101,209,8,181,511,0,0
2020-11-11,795,12384,5150,1750,2660,7487,12857,2234,2292,861,5838,4821,978,2271,229,2636,3065,4307,1687,1254,3586,116,5041,2836,4891,2177,4098,1257,206,5217,3631,73,1594,1754,4630,0,5874,6494,1362,1962,230,1256,1487,1021,132,496,142,2070,1526,913,425,0,101,885,0,0
2020-11-12,2786,12788,9700,1449,2648,8256,9727,2760,3824,1109,5607,4798,988,2981,322,3206,3492,5709,1475,1504,3171,94,6605,2378,7225,2357,6023,1495,128,526,5338,116,1521,1158,4944,3829,7101,7474,2020,1809,204,1271,1742,1801,1105,478,193,2000,1341,952,1332,0,95,696,0,0
2020-11-13,2511,15223,9864,3952,2906,8418,12584,2273,2516,1058,6933,5401,765,2827,459,2567,3397,6499,1870,1962,3653,111,5599,3169,5544,2667,5834,1611,159,5779,5895,92,1235,2746,5489,3450,8071,9099,1611,2312,470,1305,1230,1429,862,593,244,2980,1563,1213,667,13,74,742,0,0
2020-11-14,1429,11003,7964,2804,3047,5581,9750,1824,4986,1081,4544,5391,0,3019,382,3205,4353,4698,2058,1906,4462,105,8327,2999,8689,2847,4395,1913,148,446,7164,100,1537,0,4667,0,7715,7321,1855,1848,379,1370,1165,2270,540,747,152,2226,1185,1622,653,8,0,1153,0,0
2020-11-15,1753,10636,8964,2123,2133,6320,7368,1327,2667,862,10105,3644,0,1908,360,2703,4538,3949,2078,1516,5614,0,6706,1413,7553,3923,4647,1493,163,123,1208,46,1161,0,2757,2532,7853,499,1199,874,408,969,1030,924,613,659,153,1979,920,1239,707,0,0,867,0,0
2020-11-16,3237,11847,11382,1656,2164,4716,11281,3546,1971,766,4663,3498,2394,1077,358,2908,2219,4482,1724,1697,7499,92,5146,2010,7437,2729,6214,1110,87,6846,6334,119,2677,4639,3283,546,7268,12651,897,1308,397,589,1253,1089,699,580,173,1410,1361,943,537,0,251,801,2,0
2020-11-17,2321,12789,10733,4105,2525,7515,10895,2098,3227,924,7459,5094,605,4240,274,3223,4026,4330,2152,1641,1843,44,5492,2943,5931,1551,5721,1283,245,971,5163,96,2125,1702,3599,2626,7079,7893,1006,1554,352,905,2105,1082,1260,641,246,1616,1477,1395,569,16,59,864,1,0
2020-11-18,1588,8698,11421,3270,2904,8510,13222,2812,3085,1100,7925,5282,1383,3113,446,3721,4054,5004,2011,2024,4468,62,6037,2849,5094,3017,6486,1547,156,5383,4974,57,2071,2042,4336,2229,6385,6105,1387,1715,203,1593,2893,1263,822,545,156,2638,1637,1154,325,13,112,953,0,0
2020-11-19,2457,14813,13161,4253,2682,7448,13778,2708,3949,1204,9085,5302,1040,3447,528,3400,4182,6036,2888,2128,2811,100,7295,3637,7863,2915,6881,1713,213,357,4308,149,1954,2353,4040,2052,7787,7855,1071,2238,398,1395,3664,1382,894,492,215,2424,1622,1222,521,6,70,1122,0,0
2020-11-20,2283,12954,13722,4073,2399,7077,13687,2590,4604,1302,9085,5477,1050,3378,520,4363,3626,5840,2147,1868,3450,112,6818,3919,6794,2921,7028,2001,130,5816,5530,149,2544,2088,4346,4743,8808,10225,1328,2061,663,1638,2982,1404,960,457,224,2463,1704,1474,904,13,36,1081,0,0
2020-11-21,1440,11651,13442,4117,3206,7029,10904,1310,3343,1492,8409,5976,0,5928,484,3053,4669,5120,2886,2508,4208,153,6878,3410,6252,3663,5874,1857,153,71,4070,87,2348,0,3285,0,7863,7557,1144,1905,505,1972,2342,1524,281,676,165,2335,966,1196,1099,9,0,1118,0,0
2020-11-22,1012,9928,8804,2701,2695,4019,8494,836,3189,1502,6587,5386,0,2267,317,3909,3968,4076,2357,2151,4363,120,6183,2187,7205,3406,6541,1277,190,235,3769,83,2117,0,2461,3483,8133,655,851,1352,487,779,2456,1143,759,550,236,1798,623,1138,1025,13,97,880,1,0
2020-11-23,5633,8463,17825,3490,1773,3455,11073,2373,2244,1164,6331,5911,2572,1962,444,2689,3581,4282,1658,1911,3784,103,5554,2545,6343,3544,6462,1257,139,7301,4552,85,3242,5271,3128,968,11885,11390,783,1017,403,699,2252,714,1262,499,185,1574,1667,748,741,3,53,636,0,0
2020-11-24,2898,9678,16534,4755,2576,6748,20532,1495,2701,1003,8555,4878,851,3525,340,3894,4275,4304,1672,3900,1422,56,5643,2711,6416,2736,6365,1678,119,441,4478,48,2544,540,2994,3243,8604,6703,1011,2122,453,665,2099,1004,528,580,255,2785,1986,1131,348,14,53,969,0,0
2020-11-25,2973,11312,14144,3784,3395,6002,14917,2530,1839,1167,8376,6267,893,3296,394,4536,4059,4534,2697,2379,2397,100,5994,3344,6390,3732,6956,1675,107,5243,4588,65,2718,1872,3502,1235,10835,4905,1283,1965,331,1092,1855,1077,802,678,228,2453,1419,1061,177,0,50,967,0,0
2020-11-26,704,11509,8983,2599,0,5661,4610,2665,422,1502,0,6938,0,3467,0,46,4473,5239,2126,1843,3915,117,6383,259,0,0,7427,0,220,7,3451,0,2600,0,2035,0,0,290,0,2348,584,1746,1694,964,0,554,238,2639,0,1062,501,0,43,1130,0,0
2020-11-27,3319,7759,16930,4369,4658,1453,4621,1540,5662,827,17344,8179,1637,2738,537,7516,4095,4889,2570,2351,4135,118,5639,4603,5698,3225,8362,2215,201,4723,3409,178,1544,3429,1742,4964,17065,16769,2138,1052,591,1005,2056,790,1012,672,0,917,2141,114,1452,0,20,866,0,0
2020-11-28,1506,7947,13207,4079,3217,5442,6226,1156,2043,1673,6277,6060,0,2685,689,2990,3802,4023,1398,2468,6379,75,4491,2769,9022,6257,6883,1791,371,20,2292,28,3173,0,2116,0,6895,8319,819,1349,500,1553,2130,703,156,667,23,2119,836,1049,903,19,14,799,0,0
2020-11-29,1597,7417,13215,3221,2495,4055,12143,1202,1722,1614,7363,6732,0,1695,478,3470,3839,3490,2124,1212,2924,54,4302,2711,8946,1721,5144,1218,140,112,2894,67,2325,0,1509,1643,7729,317,801,1221,581,1845,1435,723,560,617,220,2236,774,956,121,4,36,1152,0,0
2020-11-30,3842,6338,17727,1051,1168,2676,15060,2021,1935,1334,6659,6816,2769,2006,514,2844,3190,4445,1983,1901,7603,81,5667,3091,5794,2200,5584,1358,104,5051,5561,72,1893,4714,1944,169,6631,10576,564,1112,403,1485,1678,594,816,511,249,2295,1400,455,843,0,34,845,2,0
2020-12-01,2794,12685,16667,11208,3073,4635,13352,1753,2516,1201,8847,7293,1183,4657,772,3647,4606,4277,2769,2586,5568,43,5403,4030,3549,1737,5717,1425,133,290,2922,67,2228,1459,2428,5326,9030,6452,448,1950,689,1141,2324,403,500,504,219,3376,1484,1068,775,6,37,976,0,0
2020-12-02,2960,9698,18174,4671,5027,4565,18544,2343,3960,1551,9994,8975,1099,5432,566,3910,4303,4545,2193,2274,4015,68,6625,3782,5165,2859,8654,1923,157,4263,3508,222,2417,2672,3097,3595,7835,7399,1291,2212,355,2457,1544,480,702,703,232,3928,1608,1075,388,39,31,1087,0,0
2020-12-03,2196,11001,21858,5209,6675,5604,17912,1984,4035,1088,10870,9853,1717,5538,593,5845,4793,5455,2044,2731,3684,139,8460,3784,6149,1707,11268,2228,322,632,4108,181,2023,4751,2563,2743,8931,8099,1145,2789,758,2168,1910,970,571,763,346,3531,1632,843,397,0,22,1120,0,0
2020-12-04,2633,10487,24251,6920,5491,5683,14104,1845,3003,2147,10177,11274,1415,6226,765,5795,5663,4181,3796,2748,4316,117,7909,3655,5347,4827,12089,2950,316,5900,4926,121,2877,1538,2809,3099,10104,9318,1050,2827,942,2480,2062,844,659,761,290,3840,1859,1252,492,24,17,1147,0,0
2020-12-05,1321,9745,25005,6132,5619,5701,11175,2135,3586,1802,10431,10759,0,4945,448,4595,5324,5164,3033,3122,4820,111,7699,3629,6308,4370,11374,3222,392,113,4192,131,3793,0,1854,0,10469,6126,906,2245,698,1942,1921,555,204,945,283,3390,1023,598,935,0,18,1400,0,0
2020-12-06,1426,7481,28792,3090,4827,3149,9219,1215,2563,1253,8436,9710,0,1980,633,6260,6030,4336,2803,2571,2578,97,6601,2637,5581,3241,7755,2864,264,9,3290,121,3880,0,1304,3946,7592,348,687,1542,816,1473,1232,477,376,764,221,2288,789,783,1139,0,27,1425,0,0
2020-12-07,5963,8867,27254,2088,2481,2348,14821,1600,2231,1307,7711,8379,3681,5119,1045,4776,3563,4210,2299,2401,7930,78,5657,2271,5290,1903,8582,2553,183,5754,4317,65,3817,8129,1296,1013,9273,9617,509,1118,799,1263,1859,361,668,503,427,2352,1880,776,951,36,15,1131,3,0
2020-12-08,3320,8005,26262,13298,4122,4594,13890,1410,2333,1279,7985,9019,1249,5333,807,4724,5476,3711,2632,2891,5826,53,5401,3189,3051,2297,10118,2302,270,391,3917,100,3860,2414,252,2426,25721,6665,538,2283,753,1732,1244,2340,490,573,274,4436,1978,814,694,31,7,932,2,0
2020-12-09,3185,8196,31772,4579,5965,4171,15267,1427,2574,1226,9592,10937,1232,5741,969,7620,4463,3973,2692,2624,7894,73,5770,2765,4516,2307,8626,2490,265,5624,2885,105,4398,2290,2545,4352,10094,5308,985,2327,929,2746,1759,461,410,587,405,3522,2266,726,646,18,13,1402,2,0
2020-12-10,3206,11146,33859,5806,5369,4709,13132,1701,3401,1530,11335,10257,948,7503,681,5811,5120,4562,3202,2735,5859,116,6536,4115,3499,2460,12021,2242,244,346,4036,128,3915,2431,2245,2415,11738,6358,704,2202,643,2283,1781,1061,338,636,407,4735,1675,763,496,35,13,1233,0,0
2020-12-11,3305,9532,37105,8103,5655,4478,58246,1271,2200,1596,11699,10561,1571,5913,1187,7040,3650,4655,2619,2513,7052,128,7206,3786,3750,3900,12669,3540,259,4860,2065,128,3395,3782,2585,2862,10359,5606,945,2770,782,2327,1834,10,562,627,345,3853,1582,977,1544,58,27,942,0,0
2020-12-12,2915,8660,26683,7506,5289,4624,11475,740,3675,1405,10577,11039,0,6258,784,5334,6240,3793,3380,2605,6292,196,7407,3257,4430,3983,10057,3572,286,0,5476,85,4177,0,1397,0,11252,4563,735,2628,1058,2665,1793,376,122,520,414,4066,769,728,721,0,11,1514,0,0
2020-12-13,1986,7084,35806,2990,4853,2965,6725,1228,2083,1014,8958,10027,0,4607,712,6330,4154,2315,2803,2975,10461,77,5907,2449,3425,4332,10005,3408,231,50,2623,127,3294,0,1240,4422,9266,238,631,1450,584,1500,1442,281,453,641,303,2790,540,644,708,0,16,1066,0,0
2020-12-14,2957,7448,30190,11813,3653,2329,13602,627,1968,1189,8452,8984,3253,3577,919,5066,4798,1966,2240,2303,9769,187,4967,2064,3018,2099,9516,2570,164,4449,4264,104,3240,7231,653,1030,7875,7539,316,1355,997,1648,1499,196,415,429,426,2264,1436,53,554,16,31,1177,0,0
2020-12-15,1743,7401,34250,6662,3929,4055,19661,1579,1915,1051,9411,9736,1166,7331,670,5582,3966,3913,2479,2304,7978,52,4271,2619,2323,2224,9587,2544,301,446,3359,66,3160,1470,1351,2633,8755,5436,345,2141,685,2205,1258,328,289,282,411,3638,1607,804,434,21,12,1314,0,0
2020-12-16,1225,7033,60942,4209,5952,2822,21754,1343,2928,1532,11541,9378,972,6598,888,6325,5701,2934,2363,2352,10894,104,6221,2920,2248,3238,10190,2799,263,4348,3141,86,3931,2319,2531,3269,5409,4598,905,2306,787,2343,1800,291,246,611,551,4107,1548,604,267,0,19,1141,0,0
2020-12-17,5318,8935,45322,7184,5135,4281,16511,1181,3203,1312,13148,10498,1081,7560,831,5111,4255,3594,2190,2598,8877,136,6340,2953,2759,2975,10032,2655,228,286,4004,140,3853,2321,1426,3776,11412,4603,593,3039,839,2261,1688,377,283,383,590,4695,1390,781,1065,50,15,1636,0,0
2020-12-18,3966,7249,48243,5524,5679,3921,19346,1339,2644,1372,13000,12606,522,7969,696,9456,3896,3536,2569,2973,10079,156,5954,3185,2718,3556,9186,4302,274,5457,4167,94,3295,2680,2519,3113,9684,4506,575,2878,341,2507,1455,494,766,493,436,5348,1274,511,1381,22,10,1266,2,0
2020-12-19,1957,7525,37358,6769,4344,4315,13376,669,2408,1505,11682,9913,0,5864,649,5496,4191,2728,2108,2132,4193,152,4738,2702,2746,4108,9007,3461,238,4,2341,100,3584,0,2230,0,8567,3966,564,2693,1027,1700,1430,231,129,336,402,4221,836,652,1079,10,5,1464,0,0
2020-12-20,498,5921,42883,2794,4261,2045,7830,738,1994,1116,8401,9454,0,5175,933,6184,5175,2172,2145,2063,11383,202,6492,1737,2684,4970,6578,2869,259,24,1737,100,3876,0,370,3711,8377,176,391,1536,480,2222,1063,251,174,181,207,2548,705,462,1222,11,4,1127,0,0
2020-12-21,3593,4993,43255,7744,3843,1629,16883,948,1819,950,11015,9456,2419,3647,846,4638,3171,2191,2276,1968,9265,132,3866,2459,1992,2596,9411,2327,139,4259,4253,91,4042,4595,1407,1116,6548,4965,347,1457,440,1167,815,82,456,152,339,2380,1429,286,416,0,9,995,1,0
2020-12-22,1562,6348,35372,9006,3800,3027,22118,1148,2302,1211,10434,10299,956,8656,620,6729,4603,2684,2321,1156,4330,64,3673,2846,1700,2186,7770,2322,160,176,2976,74,3591,1583,1558,3699,7678,3509,435,1941,567,2191,1267,332,261,440,458,4979,1482,561,1063,13,0,1400,0,0
2020-12-23,2628,6727,44757,5355,4814,3063,20674,1319,2612,929,11384,11740,879,7515,504,6627,4809,2630,2463,2968,7851,95,4679,2889,1508,3656,9725,4175,326,4762,2921,72,4652,1745,1818,2974,7790,3794,531,2893,612,2634,1167,270,285,361,748,4758,1308,574,576,16,0,1199,2,0
2020-12-24,2437,6975,34716,7796,5937,3263,7991,752,2892,802,13147,13347,0,10281,390,136,4704,2687,2865,2343,5049,125,6205,459,1884,3277,9214,2798,210,91,3119,101,4782,2038,1549,2565,8828,254,506,3204,780,2326,1924,226,0,274,735,4232,1125,475,320,17,55,1303,0,0
2020-12-25,420,5460,16749,3491,0,1639,2068,622,0,1011,0,12881,0,5493,0,0,5060,2615,2332,1415,8892,154,5444,387,0,0,6483,0,0,114,1186,0,4078,0,605,0,0,142,0,2122,638,1527,1456,274,0,0,321,3625,0,0,616,12,2,1597,0,0
2020-12-26,3074,3422,64986,6284,7677,677,5733,312,3489,515,17042,11048,0,3887,1031,16719,3999,1540,2280,2252,4978,109,3842,3629,2142,3955,7077,3864,274,15,1630,185,1584,0,527,0,11018,7335,417,702,820,845,605,133,482,371,0,1032,503,455,1019,0,1,1341,4,0
2020-12-27,273,3822,37554,1212,3134,2558,22669,614,796,1386,7391,8205,0,3441,876,2725,2320,1407,1849,1324,3054,94,1828,1367,2516,2631,4621,7287,492,82,1857,63,3999,0,506,3223,5857,92,427,908,584,1365,741,110,54,300,333,2170,395,259,784,0,1,533,0,0
2020-12-28,2511,4731,41721,10127,4198,1557,20468,1017,1716,569,8198,10334,3536,4142,861,4541,2744,1973,1987,1000,3495,45,2461,2189,1077,3448,5122,1871,140,5922,2992,91,2599,8457,1350,817,4519,3674,268,1651,431,1701,691,93,504,127,439,2269,1168,300,431,0,11,726,0,0
2020-12-29,2145,5720,34167,5932,4145,2919,23779,989,2736,955,12075,12020,1187,9185,1027,4449,3657,1869,1825,1725,4760,71,3986,3141,972,1194,8658,2552,193,320,3141,82,4122,767,1661,3946,7526,3775,500,2718,701,1943,1249,271,219,182,590,3907,1460,436,2132,0,12,1337,0,0
2020-12-30,1763,7731,32374,4818,6839,3170,19418,1493,2614,1043,13871,12917,1160,8960,545,8681,4718,2568,2614,2655,8903,104,4737,3840,1997,3249,8627,2873,223,5946,3430,74,4048,1696,1757,6744,8178,3838,562,3184,407,3023,1311,372,210,385,590,5016,1241,836,98,31,15,1452,0,0
2020-12-31,3609,7987,32295,8463,7260,4212,16841,1410,4672,1628,17192,15393,0,11204,786,5950,5096,2893,2953,2132,6122,175,6476,838,2195,3906,9350,4032,225,94,4873,136,5239,2045,1645,4046,9632,267,444,2708,860,2756,1678,294,276,499,702,4406,1238,349,403,21,9,1109,0,0
2021-01-01,521,447,37951,6438,0,2085,7779,772,0,1448,0,17033,0,10885,0,2906,5501,2778,3553,1881,0,277,6295,642,0,0,6892,0,269,4897,2580,0,5182,0,1268,0,0,177,0,4304,608,2575,1245,275,0,0,0,4521,0,0,763,5,9,2486,0,0
2021-01-02,1705,11390,52194,8895,9003,1129,14057,763,5135,971,31518,15849,0,7127,1156,15966,5511,2097,2952,2555,16827,159,5315,6333,2530,5119,8779,5211,257,0,2677,277,3989,4412,915,0,14293,8510,665,2000,809,1891,1237,121,164,809,1044,3711,902,290,878,6,0,1507,0,0
2021-01-03,5267,4428,35911,17222,3481,2593,16019,707,1726,1397,10603,12232,0,5628,1266,5318,3670,2040,2148,2268,3957,122,2989,2675,2712,8017,4476,8951,255,0,2595,104,5010,0,820,5783,6808,227,703,2033,611,1784,1015,150,302,297,347,2476,278,390,237,0,1,1731,0,0
2021-01-04,2771,5354,40723,5158,4920,1626,23104,741,2160,728,11256,11242,4759,5144,878,6758,51092,2745,2483,1455,3838,75,3617,3619,3144,2699,4562,3803,140,4038,3256,80,3771,4516,1641,1123,5942,5576,111,1306,849,1616,921,199,372,264,376,2161,1265,372,636,0,17,828,0,0
2021-01-05,2385,7052,37284,10134,4620,4019,30992,1289,3318,1035,15431,13142,1144,9900,664,6291,6264,3244,1957,2386,5196,107,3413,2448,1573,1497,8991,2601,262,310,3085,165,4377,2332,1942,4467,7580,3118,433,4107,767,1767,1184,254,322,192,597,5498,1301,776,514,0,13,1276,0,0
2021-01-06,2077,7444,36907,6947,6851,4109,25322,1558,3769,735,17783,16016,1611,7388,846,6385,5852,2077,3152,2065,7950,126,6151,5447,2335,3305,9402,5162,316,5288,2857,120,5387,2486,2478,6876,7814,4599,608,3705,629,2791,1485,338,321,334,525,4591,1188,626,293,0,21,1516,2,0
2021-01-07,3243,8853,40420,9760,7548,4509,22626,965,4597,844,19816,17588,1128,9669,423,10614,7479,4438,2970,3369,10210,286,7279,4959,1983,3781,9856,4877,268,552,4876,245,5379,3304,2413,4530,10251,4347,448,3323,1220,3255,1835,324,278,325,535,5046,1178,693,286,0,8,1324,1,0
2021-01-08,4109,9203,50971,13763,8120,4110,24078,1065,3793,1760,19530,19560,1023,12979,891,9879,7021,2467,3732,2959,7219,283,6099,4525,2374,5232,10217,6064,357,4875,4747,216,5238,3236,1573,3377,9535,3857,448,2944,554,2175,1637,283,479,405,782,5057,1078,820,2169,0,13,1896,0,0
2021-01-09,2690,6628,47229,9754,7414,3516,17543,990,2613,1629,15445,17839,0,11532,719,9528,7411,3392,3754,2556,6446,228,5966,4293,2469,4289,9407,5908,350,106,3276,171,5798,0,1409,0,8374,2751,321,2886,972,3203,1498,120,72,315,612,4863,738,448,563,0,5,1880,0,0
2021-01-10,501,4649,42408,6646,5656,2126,14034,356,2276,1207,12313,16308,0,7804,729,8788,5646,2162,3318,2099,6901,178,5091,3054,2159,6487,6864,4441,334,8,2300,177,5141,0,511,5398,6088,56,417,3330,798,2214,1203,158,113,254,279,2750,426,208,489,0,8,1434,0,0
2021-01-11,4738,5162,40624,9225,4251,1682,23740,654,1503,924,11576,14179,2993,7957,707,7842,5337,1796,3021,1713,4255,162,3685,2591,980,3885,6461,3129,202,4892,8607,111,4530,7364,1092,1405,7892,5345,181,1268,554,1227,930,114,563,176,313,2100,815,433,349,0,11,1070,0,0
2021-01-12,2292,6591,45884,10968,5487,3307,27215,1035,2127,1184,14896,14791,786,9339,841,5336,4586,1570,2660,2629,3849,108,3150,2902,1315,2210,7245,1703,430,225,2592,169,4561,3689,1480,4705,7981,2670,244,3209,619,1648,887,138,677,132,715,3848,917,422,959,124,6,921,3,0
2021-01-13,2327,5743,41675,4944,5918,2771,23108,1470,5188,1318,13990,14704,1092,8576,977,5322,7878,2390,2521,943,4341,93,3648,4357,1487,3907,8033,6021,177,4554,2535,121,4598,3529,1907,2896,6701,3113,452,2467,727,1942,1145,166,217,283,824,3147,1086,580,212,0,15,1189,0,0
2021-01-14,2437,6766,40715,9863,5955,3140,29900,931,2742,1137,13720,14187,901,8924,653,8812,7092,2587,2947,2420,4863,164,4381,3793,1581,3142,7196,5802,220,193,3013,205,5294,968,1398,5313,7654,3661,317,2491,892,1948,1424,243,412,335,808,3588,946,431,177,0,13,827,0,0
2021-01-15,2161,6571,39104,9051,5525,2706,24562,804,2616,1050,16875,19469,1057,9568,722,8892,6365,2285,2921,1975,5055,205,4672,4039,1627,3538,6111,4787,320,3803,2651,161,4795,1878,1368,3705,7149,2982,425,3124,662,2342,1262,236,208,302,823,2945,1279,535,1138,0,17,1430,0,0
2021-01-16,608,5109,37559,7637,5799,2409,18319,0,2077,1116,12119,15945,0,8563,445,8458,5999,1816,3280,1784,4656,156,3887,3033,1485,3621,6522,6455,397,30,1773,181,6757,0,821,0,7065,2012,341,2543,645,2680,1088,115,159,184,438,3153,572,331,569,0,7,1475,0,0
2021-01-17,2400,4077,31547,3648,4414,1891,12466,1019,1585,793,11093,13694,0,6274,919,6606,5136,1458,2445,1625,4150,121,3169,2278,1333,3314,5673,5762,314,0,1211,142,9914,0,403,4127,5247,98,266,976,922,1606,744,150,295,283,340,1917,260,337,858,94,3,697,0,0
2021-01-18,443,3412,25393,5400,3301,1169,11204,314,1082,646,8002,13410,0,4985,1000,0,3853,1390,1769,1020,2623,115,2498,2166,969,1837,3743,3280,182,3293,1135,163,7245,6703,931,971,4312,3435,115,1109,616,1457,626,70,345,155,317,1430,24,191,558,0,1,988,0,0
2021-01-19,2780,4588,39106,6746,3085,1933,21867,459,1302,617,9816,12721,2623,8201,845,9463,4627,1688,1973,1356,2510,59,2734,2365,919,1558,6865,2854,226,208,3017,101,4526,2094,1220,2138,4989,2346,127,1331,401,1193,691,137,214,129,386,2515,1428,368,434,23,30,1011,1,0
2021-01-20,1968,4827,19329,7678,4514,1851,28007,1969,2159,675,11914,11119,810,7946,728,7789,5439,1415,2168,1005,4026,68,2886,3441,1224,1986,5674,5525,144,3524,2060,150,4515,1915,1485,2493,6378,2415,277,2520,464,1702,881,151,202,167,701,3112,676,397,140,22,0,857,0,0
2021-01-21,1933,4876,25575,9543,5140,2569,21466,816,2089,830,12873,13908,910,8059,857,5900,5048,1504,2167,1415,3586,112,3624,3555,1270,2686,5603,4649,209,311,2482,109,4013,1662,1653,3736,7271,2583,337,3106,748,2290,988,148,300,201,675,2881,655,393,215,0,13,940,0,0
2021-01-22,2126,6907,25035,7024,5272,2303,18268,1024,2649,866,13719,15684,949,8510,657,9288,4200,2235,2404,1701,3745,160,3494,3222,1506,2946,5316,4696,293,3049,2408,179,4147,2019,1255,1937,4278,2522,316,2162,710,2050,908,200,159,290,636,3551,600,403,554,16,19,998,0,0
2021-01-23,1561,5120,22982,7320,4641,2012,13933,478,1771,761,12311,13909,0,9034,625,6352,7148,1279,2353,1584,3266,127,3102,3475,1540,4157,5324,4601,172,0,1556,149,4904,0,930,0,5859,1598,247,1613,682,1856,848,153,0,248,324,3355,406,303,791,20,0,1137,0,0
2021-01-24,416,3169,21650,4981,3944,1374,7713,267,1516,568,9535,12383,0,4741,761,5655,5272,1528,2184,1101,2333,143,2520,1154,1181,2941,3679,4536,224,0,1714,125,3792,0,515,3607,4481,34,185,1071,660,1196,626,97,315,162,0,1728,175,214,955,0,0,555,0,0
2021-01-25,1966,3182,26903,5657,3651,1100,20411,609,864,419,8720,11972,2019,4238,431,5199,4143,1267,1687,977,1554,116,2190,2268,794,1763,4714,3092,204,2609,2225,132,6172,5817,767,2080,4334,3081,32,636,616,927,491,57,164,79,448,1839,601,243,568,9,7,532,0,0
2021-01-26,1391,3640,21632,6382,2495,1564,20594,301,1406,768,9594,11040,642,8452,404,4491,4776,1435,1486,936,3635,63,1727,2729,707,1571,4665,2250,195,83,1679,120,4707,1267,1095,2620,4262,2394,200,2485,299,1452,600,132,90,82,662,2900,545,344,473,23,12,1139,2,0
2021-01-27,1724,3770,18630,5986,3320,1559,19746,696,2009,708,8408,10365,613,6342,391,4898,4810,1786,1895,1097,2427,94,2238,2646,827,2686,5886,3564,165,3165,1848,94,5227,2440,1112,3854,5366,2032,228,1777,342,2074,751,154,216,179,462,3177,642,370,175,0,2,797,0,0
2021-01-28,2438,4206,19628,5377,4631,1980,19499,738,1761,720,11423,13783,745,7335,695,6760,4746,2220,2191,1086,2467,94,2819,3141,1316,2320,6079,3938,267,117,2227,144,5121,1426,1010,2493,5432,2251,187,1892,663,1804,672,145,62,202,284,3648,494,399,297,11,4,787,0,0
2021-01-29,1991,4148,19743,4811,3118,1804,18719,124,1517,946,10976,12951,684,6349,580,7019,5986,1104,1880,1382,4257,139,2636,2145,1114,2787,9593,4464,282,2038,2219,135,4238,1258,565,2367,4875,2022,160,1707,440,2186,1079,153,260,181,359,2848,619,304,427,14,7,905,0,0
2021-01-30,1415,3296,17528,5240,4108,1613,13766,860,1468,688,15019,12892,0,6226,524,626,5274,348,2097,1040,2027,109,2339,2893,1072,2373,4631,4152,248,0,970,173,4309,0,1421,0,4190,1353,115,1824,616,1528,741,104,14,146,355,0,280,471,438,0,7,873,0,0
2021-01-31,321,2302,13964,2549,2665,1143,12376,194,1194,0,7788,11209,0,3509,333,10210,4288,1018,1747,900,2542,78,1724,1841,988,2882,3725,3601,210,10,722,134,2558,0,298,3350,3011,68,180,881,520,811,525,68,208,134,156,4057,0,168,218,0,1,661,0,0
2021-02-01,1934,2462,17592,3882,2398,781,39190,349,586,956,5730,8932,1518,3213,363,5200,3515,2246,1163,781,2149,84,1709,1766,721,1396,3667,2530,136,1954,1696,118,2861,3931,779,965,3287,2623,65,1226,424,705,486,53,145,106,219,1221,529,185,614,23,21,424,0,0
2021-02-02,1264,2479,12888,3987,2239,1296,18220,441,1199,605,10533,7949,235,4979,326,3020,3150,999,905,797,2033,62,1541,2320,604,1296,4303,1988,130,147,1593,113,2740,2568,1087,2603,3657,1452,116,1510,201,825,432,115,71,132,417,2078,490,314,288,5,2,510,2,0
2021-02-03,1535,3346,12560,2852,2455,1539,17964,575,1591,627,6979,7154,513,5198,337,10693,2311,1368,943,810,1860,68,1427,1831,634,2119,3131,2890,61,2132,1496,133,2959,482,1034,2041,3991,1661,208,2426,286,791,670,138,160,224,273,2118,476,430,136,4,8,535,0,0
2021-02-04,1438,3304,14681,4339,2804,1719,13573,484,1273,717,7711,6970,587,5811,396,6504,3289,1661,1554,945,2956,101,2360,3077,1410,2782,3418,3084,166,85,1576,174,3059,937,908,2760,4120,3068,174,2469,243,1210,559,98,180,184,301,2767,439,301,322,10,4,574,0,0
2021-02-05,1394,3620,14012,3402,3287,1427,14375,477,1216,815,11543,7897,600,4720,478,4941,4228,1788,1548,920,2461,120,1484,2425,1048,2662,4739,6096,269,2603,1817,109,5069,1431,581,866,3683,1693,131,1824,321,1210,582,61,108,249,265,1496,362,348,80,9,14,597,0,0
2021-02-06,414,2991,11572,3162,3619,1114,8500,333,1211,604,7486,11492,0,4426,466,4102,4510,1377,1501,759,2679,104,2819,1890,993,2053,3933,3007,243,0,757,154,4709,0,509,0,3549,1065,188,1341,286,1036,421,11,42,0,265,1992,201,214,291,0,7,549,0,0
2021-02-07,199,1995,10194,672,3107,766,7535,285,908,381,6624,9923,0,3467,318,4368,4332,1124,1566,678,1961,73,1732,1105,901,2174,4122,3392,158,6,525,134,2949,0,284,1951,2138,52,97,672,762,900,342,49,9,0,154,1112,0,60,484,17,6,518,0,0
2021-02-08,2678,1922,13616,2357,1369,609,10883,250,514,297,5737,8972,1213,2715,120,2893,2561,1092,903,542,2065,30,1033,1472,564,1040,3122,2030,101,1466,1386,146,1700,4367,629,1177,1926,2222,54,637,337,635,311,30,157,494,201,925,567,180,322,0,15,398,0,0
2021-02-09,772,2073,10513,5311,1593,865,13232,370,918,513,7023,8279,330,3766,419,4056,3577,859,976,499,1525,28,1136,2215,572,1070,4326,1908,145,40,791,59,3291,869,931,1365,3207,849,122,1475,279,656,413,0,46,126,211,1318,415,378,241,19,9,416,0,0
2021-02-10,849,2860,8592,1731,2050,1001,13084,501,1299,543,7537,6584,459,3403,329,3619,4370,732,1137,691,2618,51,1442,2085,651,1660,3110,2829,67,1848,1273,17,3203,888,911,333,3281,1334,175,1092,251,784,510,39,44,201,253,1401,415,307,92,0,10,429,0,0
2021-02-11,924,2793,10617,2424,2450,1426,11876,344,1242,607,8525,10011,488,4096,365,4601,3656,1613,1199,645,2236,84,1707,1824,898,1677,3985,3147,185,89,1128,127,3699,1003,371,2728,2806,1469,279,1103,414,911,533,139,105,149,175,1503,370,260,142,20,3,469,0,0
2021-02-12,1257,2611,9525,1529,2416,1102,12285,444,1060,494,7617,8715,440,3831,460,4057,3732,2174,1112,577,2163,81,1427,1767,1048,1417,3259,3870,137,1207,1059,166,3191,838,1133,1170,3305,1404,209,565,388,984,401,113,107,158,201,1097,324,221,288,20,3,467,1,0
2021-02-13,606,2026,9160,1870,2083,866,8007,833,1001,458,7515,8755,0,3703,433,3539,3757,1090,1160,783,1820,57,1232,815,940,1458,3679,2983,126,0,535,146,3215,0,474,0,2799,1352,137,954,409,695,565,85,0,0,160,1189,216,179,389,0,3,395,0,0
2021-02-14,131,1511,5947,1443,1882,562,4507,209,711,247,5436,8330,0,1874,280,2791,2168,596,847,609,1450,43,1218,1541,776,1266,2436,4153,122,15,345,116,2575,0,219,1306,1809,54,110,466,331,1093,282,46,50,0,110,1075,0,87,296,0,3,306,0,0
2021-02-15,141,1355,5009,1308,1573,426,2922,103,462,183,3615,6538,966,2033,232,3150,1445,1048,722,281,1884,31,776,785,602,730,1771,1725,83,1285,363,185,1539,2905,468,503,1915,1291,61,320,236,544,190,46,0,0,148,674,0,150,228,17,4,301,0,0
2021-02-16,1880,1791,8794,1099,1226,781,3630,143,591,411,6297,6709,285,2855,198,2293,3633,783,518,330,1033,16,877,1054,452,508,2958,1435,130,46,840,55,1770,580,592,0,2026,1115,217,177,130,734,300,138,215,496,91,883,531,184,480,0,2,228,0,0
2021-02-17,1099,1858,6274,1797,1360,772,4487,311,900,382,7342,5925,368,3380,750,2947,4109,1134,758,371,934,27,923,937,758,1078,3533,1916,49,1312,1088,79,2284,534,588,624,1816,1327,92,667,212,684,271,120,99,55,104,679,406,236,111,3,2,288,1,0
2021-02-18,1054,1940,7848,1417,2040,864,2354,266,1151,456,5117,9582,419,3414,434,3991,3276,1272,987,497,1090,60,760,1034,913,618,3297,2675,121,94,807,153,2304,547,596,828,2282,1199,186,253,271,134,407,133,81,209,218,1198,280,216,78,13,2,355,0,0
2021-02-19,846,2210,7891,1879,1818,918,5898,468,857,477,6683,8573,286,3591,368,3203,3046,1233,1008,437,1305,56,1037,1865,995,869,2792,2893,160,1907,836,102,2034,1198,245,441,2306,1408,147,268,329,360,311,119,152,211,134,847,301,254,118,17,10,295,0,0
2021-02-20,635,1884,6062,2126,1970,815,5507,213,777,521,7280,8238,0,3274,394,3189,2878,913,763,343,1116,49,1415,1346,870,973,2553,3340,92,141,481,108,1882,0,478,0,2611,820,147,517,350,350,425,75,0,0,143,774,145,216,211,0,1,309,0,0
2021-02-21,126,1520,4646,1084,1520,451,6390,200,701,107,5065,6237,0,1699,252,2080,2031,968,618,282,1035,64,882,941,879,1036,1796,2872,95,0,304,134,2303,0,415,1889,1461,10,139,284,201,390,314,49,112,0,130,857,0,98,249,0,4,252,8,0
2021-02-22,1364,1401,4976,1652,1262,473,7331,257,338,321,4151,6297,835,1518,252,2689,2704,889,611,174,1153,49,817,627,555,499,1851,1440,107,863,824,115,1155,2233,447,468,1611,1731,30,245,358,242,234,35,105,337,97,677,494,150,173,4,7,238,0,0
2021-02-23,742,1719,6260,1661,1237,714,10267,218,716,506,5610,6923,282,3916,258,1568,3158,1058,662,500,1345,44,682,1364,500,359,2823,1323,89,12,732,83,1769,1357,875,1404,2775,1724,212,834,138,348,312,104,44,55,142,1453,290,232,219,10,0,285,0,0
2021-02-24,862,1981,5852,1093,2102,844,7596,423,812,424,7128,6139,456,3472,335,3308,3118,1126,862,402,1476,43,1012,1299,754,798,2814,2132,99,1106,829,77,1907,1493,703,877,1842,1529,262,803,278,669,446,115,44,179,164,1247,338,202,43,34,2,243,0,0
2021-02-25,1084,1972,5634,1245,2108,962,7811,403,832,512,6640,8893,467,3381,310,3434,3575,1218,976,589,1868,36,1091,1395,986,1146,2367,2502,179,56,700,72,2036,975,558,764,2409,1572,156,726,295,920,299,90,214,185,217,890,384,203,100,13,1,431,0,0
2021-02-26,944,2619,6902,1447,1987,796,10882,203,650,321,5922,8074,437,3416,325,2809,3869,976,970,463,1619,73,950,1158,1147,867,3070,1749,162,751,647,123,1657,787,617,903,1976,1272,143,516,297,731,656,90,148,111,178,739,336,166,241,0,4,421,0,0
2021-02-27,633,1739,4408,989,1700,870,5415,239,686,413,5459,8042,0,3283,273,2324,4135,1654,836,377,1165,99,867,950,812,779,3014,1777,194,0,367,135,1675,0,430,0,1774,1331,186,557,419,549,152,69,0,0,197,834,138,188,184,10,1,346,0,0
2021-02-28,70,1190,3489,898,1468,481,3602,193,465,282,5539,7827,0,2161,258,0,2390,841,827,286,943,54,731,647,804,706,1798,1751,120,0,275,100,1736,0,185,1508,1268,36,134,3220,282,704,244,29,44,0,142,569,0,79,253,0,1,275,0,0
2021-03-01,1079,1285,4197,1036,1395,320,8106,258,257,276,1700,6436,966,2035,164,3353,3142,1216,603,232,659,26,542,462,636,380,2397,1153,86,638,606,86,1124,2680,435,404,1452,1938,43,94,281,199,165,43,77,383,128,517,409,116,287,0,1,193,0,0
2021-03-02,793,1653,4317,1013,301,610,7177,338,487,215,7179,6381,261,3089,215,1776,3289,753,468,277,1073,33,540,989,425,111,2503,847,83,24,458,88,1385,502,606,767,1709,1617,182,440,113,301,245,105,56,154,182,652,413,157,151,0,5,136,0,0
2021-03-03,677,2100,4403,1280,1899,779,7549,288,729,299,6014,6564,436,2730,187,2069,3691,1204,786,418,1333,17,769,1031,779,747,2637,1173,51,718,527,115,1549,494,513,500,2022,1789,181,404,232,380,356,110,89,191,147,2733,411,197,30,49,3,232,1,0
2021-03-04,837,1779,5255,913,1567,853,7522,339,555,327,6118,7468,442,2701,188,2639,3193,1305,809,424,1572,55,937,1054,940,895,3007,1567,196,40,615,199,1300,878,579,756,1875,1777,232,403,218,479,258,117,69,148,136,922,279,171,102,9,2,261,0,0
2021-03-05,703,1503,5062,1910,1899,721,5554,350,605,271,5975,8151,394,2017,244,2043,3698,1400,913,392,1204,89,852,935,796,917,2768,1695,108,679,590,133,1652,830,533,518,1750,1762,164,570,231,591,304,94,79,148,225,811,208,158,199,10,0,287,0,0
2021-03-06,568,2478,4263,1735,1722,614,3594,213,570,178,4690,8126,0,2200,273,1762,3722,802,932,472,1066,81,1234,821,946,978,2480,1199,151,3,440,145,1477,0,390,0,1508,1569,149,327,265,576,282,79,0,0,183,524,82,127,261,0,2,326,0,0
2021-03-07,90,1040,2753,1335,1425,377,2788,220,412,187,4098,7658,0,1638,166,0,2520,76,709,237,1022,47,746,516,895,461,1718,1408,146,0,266,119,1163,0,161,740,733,59,211,165,215,260,180,34,0,0,159,408,0,43,305,0,0,155,0,0
2021-03-08,1094,1248,4177,783,988,188,3960,242,259,261,3312,5440,860,1206,199,2797,2307,1883,716,190,1041,41,475,350,472,165,1916,851,160,603,46263,116,892,2066,456,504,1255,2290,7,133,209,70,118,28,139,340,132,273,512,125,185,30,2,182,2,0
2021-03-09,711,1685,4141,563,1263,602,5380,260,560,418,4426,6833,296,1881,192,1246,4126,870,631,415,1090,41,595,843,1625,270,2929,632,331,20,701,87,1537,749,763,637,1893,1602,157,432,116,357,198,95,69,89,133,524,399,136,120,0,1,229,0,0
2021-03-10,685,1669,3468,830,1657,706,5321,338,659,331,4853,6106,318,1840,211,1815,3775,1132,900,331,1342,41,869,1009,905,818,2611,1125,96,738,653,85,1246,512,487,588,1868,2640,209,317,212,437,249,101,42,152,195,782,459,145,0,11,4,302,0,0
2021-03-11,780,1710,3560,1835,1809,651,6153,273,647,289,5065,7169,525,1737,301,2083,3814,988,924,610,1273,54,910,1229,1093,694,2675,919,122,41,804,129,1250,735,459,421,1447,2472,201,340,789,679,233,112,98,238,187,865,348,187,114,6,2,338,0,0
2021-03-12,758,1775,2305,1367,1786,707,5198,305,519,481,5214,8444,382,1601,310,1965,4216,1243,990,893,1682,158,944,909,1102,422,3068,1488,154,396,848,123,1589,1185,506,547,1806,2765,184,459,231,763,264,121,51,107,209,448,339,122,356,6,9,346,0,0
2021-03-13,697,1593,3738,262,1757,537,2846,164,491,297,5244,6033,0,1221,245,813,3867,1297,1101,436,129,62,834,655,1187,625,2475,1669,150,4,561,75,1348,0,362,0,1558,1927,146,314,245,690,183,95,0,0,206,594,237,118,160,0,1,307,1,0
2021-03-14,109,1455,2248,649,1692,511,2712,163,396,190,3699,6687,0,802,296,0,3310,814,860,176,55,50,695,383,997,492,1819,872,79,0,342,192,1173,0,181,911,893,88,130,130,225,203,144,34,0,0,169,368,0,34,235,0,0,319,7,0
2021-03-15,1119,868,2962,648,1156,332,4656,391,221,255,2826,7119,985,957,198,3114,2822,874,617,199,2995,44,413,432,826,310,1858,767,112,432,285,102,1130,2525,417,172,1149,3828,26,117,233,101,177,25,164,378,174,4556,469,220,193,0,5,210,0,0
2021-03-16,637,1982,2062,492,1202,649,5823,206,481,212,4791,6711,263,1862,257,1795,3717,322,660,358,1120,45,564,879,708,232,3100,681,107,36,670,55,1276,853,548,992,1883,2796,142,396,137,369,176,149,25,103,189,488,359,414,216,0,0,341,0,0
2021-03-17,925,1513,3368,446,1711,729,4541,250,699,264,4599,6582,434,1979,297,1687,4312,691,917,302,1705,66,906,891,1036,491,3193,1231,81,593,811,59,1327,373,417,445,1458,3791,175,325,372,352,243,134,97,174,203,759,456,133,67,0,3,315,3,0
2021-03-18,800,2409,3572,278,1941,683,3396,300,560,294,5093,5515,432,2225,335,2329,4472,1366,1113,257,889,86,964,766,1496,559,3050,1398,81,23,721,141,2082,1156,592,541,2104,3048,237,264,302,322,251,119,30,155,241,572,321,134,69,0,4,382,0,0
2021-03-19,931,2376,3212,449,2163,685,3893,274,446,426,5140,5077,423,1549,294,1773,4392,1143,1153,262,1638,169,860,953,1435,416,3480,1303,142,437,619,146,1632,1207,444,194,1551,4262,315,228,210,392,216,111,102,77,238,531,382,164,332,0,0,376,0,0
2021-03-20,739,1841,2189,709,2376,533,2453,215,467,274,5105,6667,0,1710,320,1809,4909,1825,1118,266,100,85,891,490,1380,0,3741,1589,141,0,479,162,1566,0,340,0,1483,3349,205,274,307,361,186,88,0,0,222,508,209,142,216,0,0,386,0,0
2021-03-21,44,1352,1948,488,1811,439,2307,107,376,190,3987,3735,0,1560,227,0,3238,553,1007,225,47,71,768,283,951,0,2067,1192,54,0,326,185,1160,0,141,0,932,157,144,108,345,160,171,49,0,0,172,373,0,69,326,0,0,348,0,0
2021-03-22,1307,1359,2906,484,1206,388,3408,332,159,268,2862,4908,1000,915,207,2908,3151,318,682,173,2996,78,511,444,1152,959,2219,621,154,379,525,99,1061,2976,433,1329,1444,5673,105,52,142,95,162,50,149,351,178,319,428,116,295,0,4,276,0,0
2021-03-23,563,1823,2497,507,1821,46,4353,277,383,301,5302,6801,297,1877,382,1243,4803,931,722,146,1286,38,661,876,855,184,3623,709,105,63,576,94,1265,898,767,705,1627,4529,128,239,180,306,171,164,69,178,131,10,325,352,227,0,2,327,1,0
2021-03-24,913,2736,2777,605,2121,1468,3789,233,562,360,5143,20184,471,1354,389,2064,4096,2093,1173,243,1427,55,970,618,1310,501,4668,1013,107,569,798,95,1470,1457,605,450,1848,5043,270,231,210,387,211,136,88,199,199,922,409,217,145,109,3,389,0,0
2021-03-25,1097,2263,2491,138,2410,823,5358,304,469,417,5773,8683,483,2102,518,2055,3944,941,1382,447,1461,115,951,794,1867,369,3591,1329,74,33,1215,187,1559,1488,902,399,1501,5791,254,334,219,317,216,198,33,147,218,427,346,165,78,1,5,433,1,0
2021-03-26,1103,3111,3373,571,2760,823,3899,275,511,490,5750,8003,485,1815,335,2105,5599,1096,1361,446,1287,202,1101,646,1699,467,5017,1416,156,443,1054,283,1799,1700,563,449,2742,5978,209,184,287,268,225,184,126,186,253,442,304,146,260,11,2,499,0,0
2021-03-27,1185,2484,2110,776,2570,692,3073,494,460,369,5883,8733,0,1550,371,0,4666,2008,1366,297,39,104,978,457,1736,0,3616,1444,226,0,476,125,1912,0,499,0,1690,5056,248,165,376,210,171,154,0,0,210,492,198,52,399,13,1,566,0,0
2021-03-28,71,2175,2170,554,1975,471,2970,160,390,215,4943,8852,0,902,282,0,4505,713,1335,142,48,102,944,312,1225,0,2576,1085,124,0,278,197,1392,0,160,0,1019,116,163,69,361,196,161,47,0,0,197,319,0,25,268,6,3,297,0,0
2021-03-29,1370,1984,3059,613,1500,345,4493,0,194,304,3374,8972,644,1146,313,5256,3621,1142,1031,211,2277,98,713,416,1550,882,3871,869,73,433,512,182,1143,3229,505,836,1497,9243,92,79,340,79,182,56,144,0,180,228,386,109,595,0,4,378,0,0
2021-03-30,787,2377,2380,577,2050,861,3406,310,371,326,5062,5750,346,1334,374,1489,4873,1022,903,228,1283,63,723,666,1273,121,5374,601,165,36,580,107,1432,1617,537,509,2458,6245,159,178,171,163,147,241,46,651,223,361,336,163,447,0,1,331,0,0
2021-03-31,1091,2585,2507,733,2499,727,4069,439,514,431,5294,7683,564,1807,462,1941,3668,1791,1366,279,1160,90,1045,615,1648,390,4457,961,100,478,701,166,1035,832,646,519,1989,7059,264,212,229,288,275,211,74,164,251,408,410,221,170,0,2,416,0,0
2021-04-01,1142,3696,2642,389,2759,867,3655,553,488,511,6790,9173,519,1514,363,2018,5608,1586,1584,332,1695,109,1216,1044,2138,413,3848,1051,143,28,646,248,1825,1580,735,536,2475,7176,230,211,386,271,294,208,79,226,284,478,380,188,365,0,3,495,0,0
2021-04-02,1270,3037,3767,932,2440,871,2006,981,422,490,6490,8055,407,1651,471,0,4529,1634,1457,339,219,252,1206,625,2536,372,4086,1350,151,452,688,232,1538,1488,577,0,1677,6102,197,144,402,284,206,161,58,202,401,400,275,127,510,0,2,420,0,0
2021-04-03,1043,2739,2886,706,2453,789,1675,434,447,466,6017,7711,0,1281,438,0,4445,1050,1275,454,5,106,1051,502,2064,0,5344,1243,125,0,463,150,1542,0,493,0,2293,9172,175,217,487,290,0,117,0,0,279,349,11,100,792,0,4,453,0,0
2021-04-04,47,2396,1625,464,0,637,1000,242,344,402,4794,7607,0,940,398,91,3801,1705,1669,260,13,92,946,57,0,0,3021,0,105,0,390,244,1267,0,155,0,0,38,0,84,299,97,0,61,0,0,295,194,0,58,635,0,0,350,0,0
2021-04-05,2222,2344,3109,619,2988,351,4940,146,173,337,3480,6717,918,703,279,6123,2831,945,860,177,3565,89,714,507,1383,873,3935,1195,75,352,520,118,1023,2699,467,1268,2918,11206,156,44,201,70,443,75,82,499,223,109,652,123,426,38,7,277,0,0
2021-04-06,596,2964,2261,567,1803,1148,4198,299,300,466,5556,6106,376,1518,385,994,3712,1239,867,294,888,52,614,418,3012,120,4849,1334,122,19,588,106,1434,1074,728,218,1871,6025,163,163,229,183,178,260,90,80,290,196,354,197,189,0,2,277,0,0
2021-04-07,1175,3693,2420,753,2550,938,3911,528,612,444,5885,6450,476,1606,425,1389,4241,972,1471,274,1316,73,1217,969,1996,1764,4604,828,94,569,791,69,1550,1038,271,700,2064,9356,295,244,236,270,216,193,81,219,401,338,346,190,211,0,3,364,1,0
2021-04-08,979,3930,2551,676,2393,1115,4484,403,484,666,7939,8731,509,1531,506,2024,4332,2717,1297,386,1536,121,1383,659,2524,483,4466,966,170,22,785,227,1928,1012,626,449,2742,8682,222,199,362,240,258,197,102,228,319,464,290,223,446,26,2,446,0,0
2021-04-09,1431,3959,3614,1300,2312,1194,3238,386,444,543,7121,8558,563,1455,537,2276,4193,1905,1840,637,1153,171,1340,704,2646,416,5145,1165,136,419,786,146,1542,1807,619,734,1946,8724,270,178,380,243,121,124,71,246,438,318,304,221,1081,0,3,479,0,0
2021-04-10,1167,3404,2977,805,2300,921,2433,436,407,747,6906,7529,0,1503,468,0,3599,979,1584,752,75,112,1358,329,2449,0,4196,1011,128,0,541,150,1700,0,436,0,2048,7363,238,171,419,238,0,213,0,0,311,354,3,101,1440,0,2,455,0,0
2021-04-11,73,2815,3895,539,1991,612,1448,197,344,483,5520,6577,0,1073,408,99,3387,1817,1483,320,64,89,1158,465,1776,0,3362,918,68,0,404,237,1227,0,510,0,1855,169,0,100,367,117,0,44,0,0,215,311,0,26,997,0,2,415,0,0
2021-04-12,2502,2670,3500,685,1532,483,5550,144,185,369,1613,5758,0,954,375,5693,2476,1140,985,319,2316,68,1130,430,1993,968,3727,736,73,480,525,89,1310,2985,178,989,1934,10588,187,69,355,70,619,63,115,396,296,172,582,129,1102,27,5,293,0,0
2021-04-13,983,3189,2609,614,1598,1125,4813,331,358,467,9068,5043,1677,1793,376,1598,3954,1608,1084,412,1529,62,954,860,1358,109,6118,701,113,0,624,97,2048,1118,542,452,2340,10062,262,224,210,317,177,231,82,154,571,1432,279,176,1079,7,5,328,0,0
2021-04-14,1090,3487,2488,416,2244,1003,3593,392,530,802,6772,6000,477,1698,378,2348,3563,2198,1552,395,1222,67,1196,778,1697,406,6375,803,193,624,855,100,1301,1609,656,394,2216,9338,225,220,380,275,214,176,57,199,547,277,308,211,988,0,4,413,0,0
2021-04-15,1324,3784,2325,461,2123,1084,3323,309,456,726,6762,6984,489,1591,542,2332,3918,1874,1444,549,1682,95,1374,737,2729,302,5128,1087,106,12,745,176,1415,702,478,803,2164,7262,234,283,400,410,227,165,76,193,579,421,234,189,470,17,5,393,1,0
2021-04-16,1744,3807,2825,847,2216,903,3011,409,463,775,7296,6290,409,1622,385,2308,4381,2013,1564,536,1339,173,1290,698,2287,273,5547,1259,134,490,885,139,1594,1062,387,479,2003,9790,243,237,407,216,263,177,64,189,572,422,225,121,1100,6,3,475,1,0
2021-04-17,1617,2964,2217,466,1968,845,1805,505,413,794,6323,6387,0,1623,369,0,3922,966,1500,0,82,96,2477,524,2419,0,4372,981,130,0,0,66,1608,0,505,0,1987,6031,200,221,455,292,0,139,0,0,414,508,1,85,1635,0,6,446,0,0
2021-04-18,70,2593,1608,711,1407,603,1439,176,248,620,6834,5605,0,957,307,0,3149,838,1169,0,59,109,957,247,1845,0,2843,1021,83,0,303,147,1305,0,248,0,1076,5,0,45,381,157,0,58,0,0,346,270,0,56,1130,0,4,370,0,0
2021-04-19,1460,2160,2555,692,1317,419,4695,140,200,559,4237,5177,817,871,197,5621,2183,1965,632,698,5249,64,710,345,1284,787,3091,753,78,399,498,96,978,2339,326,1396,1632,9209,133,59,389,37,610,51,111,445,260,111,477,117,1348,13,10,260,0,0
2021-04-20,1573,2604,2483,702,1188,933,4699,495,319,484,5645,4659,392,1329,270,1290,2839,1882,924,381,767,38,679,566,1185,75,5063,574,129,0,677,0,1236,738,443,360,1799,6521,171,198,160,362,137,237,78,109,420,1443,209,178,1091,0,5,315,0,0
2021-04-21,1598,2781,1950,649,1596,762,4055,488,589,974,5571,4255,289,1251,342,1792,3475,1484,1205,436,1219,68,1152,714,1600,238,4538,763,72,573,731,126,1261,856,638,666,1789,5968,157,352,286,233,168,176,62,198,500,412,285,158,555,0,13,426,0,0
2021-04-22,1501,3348,2556,647,1628,828,3675,309,472,972,6684,5277,381,1669,516,2339,3230,2214,1203,528,1750,92,1180,624,1970,283,4071,879,99,8,763,87,1373,737,471,623,1724,5498,134,161,274,319,207,167,95,228,403,682,223,183,517,27,12,400,0,0
2021-04-23,1840,3450,2264,896,1621,879,2614,292,344,1014,5464,4850,296,1802,320,1994,2834,1989,1163,562,1276,137,1073,586,2164,304,4068,977,101,475,920,91,1340,1034,443,541,1788,5643,199,236,326,212,231,152,83,148,371,428,216,154,1172,0,2,405,0,0
2021-04-24,1536,2693,374,729,1563,643,1985,383,472,806,7411,4163,0,1473,311,185,2783,1202,1196,0,58,51,1103,451,2103,0,3691,1001,78,0,685,63,1005,0,398,0,1526,5201,136,184,334,0,0,119,0,0,373,421,3,133,1066,0,0,375,2,0
2021-04-25,116,1970,1351,661,1214,465,1480,152,281,770,4671,4050,0,901,279,0,1694,1791,906,0,64,119,827,256,1556,0,2626,759,104,0,319,97,884,0,191,0,873,0,0,64,295,0,0,32,0,0,164,233,0,49,1009,0,4,314,0,0
2021-04-26,2321,2240,2730,750,881,476,4395,100,246,713,3513,3018,636,742,114,5008,0,1031,558,840,1856,65,681,336,1197,728,2690,530,55,469,420,41,719,2167,235,891,1396,7064,94,63,237,638,623,121,122,449,229,217,575,57,744,22,8,289,0,0
2021-04-27,1059,2593,2123,682,965,940,3740,258,327,627,5271,3343,260,1356,268,1634,2124,2582,677,405,1071,48,842,719,1078,115,3661,441,93,1,571,58,1122,407,372,452,1560,4580,148,229,144,172,155,189,65,137,425,359,227,175,834,0,16,177,0,0
2021-04-28,1663,2646,1754,603,1613,824,4128,251,518,920,5178,3000,381,1368,202,1785,2111,822,1003,390,1061,68,1261,724,1507,249,3542,683,62,627,907,48,1109,621,503,442,1723,4936,170,291,241,334,220,156,116,186,261,376,246,196,324,3,12,453,0,0
2021-04-29,1540,3470,1384,881,1395,904,3551,218,463,870,5666,3862,296,1437,271,1945,2244,2984,966,453,1245,115,1384,783,1928,289,3362,911,81,9,745,101,1181,486,443,570,1786,4185,134,240,194,161,228,144,70,168,254,430,230,175,310,0,8,432,0,0
2021-04-30,1383,3128,2333,844,1335,850,3683,267,339,1008,5306,3792,289,1437,210,2257,1857,1838,943,510,948,187,1483,700,1874,374,4462,1109,83,563,720,128,1249,786,365,685,1541,3859,128,196,367,246,286,175,73,140,268,409,148,158,766,32,5,395,0,0
2021-05-01,1574,2806,1556,1074,1306,752,2012,206,410,783,5419,3852,0,1212,277,74,1589,1373,939,0,53,115,1154,553,1712,0,2718,897,103,0,951,80,963,0,387,0,1707,3701,0,243,216,0,0,166,0,0,403,387,2,130,519,0,11,370,4,0
2021-05-02,113,1780,1359,356,893,476,1240,95,279,723,3841,2853,0,1274,214,0,1198,1212,651,0,29,107,1069,313,1711,0,2220,717,55,5,605,94,761,0,291,0,985,0,0,137,288,0,0,69,0,0,231,288,0,45,622,13,0,420,0,0
2021-05-03,2492,2210,2250,652,563,391,4105,98,228,579,3075,2440,483,857,129,4179,983,1102,521,801,1804,71,796,389,1105,567,2368,521,48,497,558,32,611,1312,231,759,995,5550,85,61,158,500,639,55,148,274,245,187,373,103,469,0,6,289,0,0
2021-05-04,1343,2179,2187,701,854,824,2747,256,259,688,3682,2234,260,1207,208,1207,1004,1091,500,476,542,72,776,736,995,142,2656,427,83,3,536,33,771,417,376,997,1285,3125,229,296,137,208,204,149,77,92,417,0,204,222,460,14,23,344,0,0
2021-05-05,1348,2432,1672,742,1019,775,2247,239,480,849,4394,2374,268,1013,167,1407,2529,1163,679,373,813,54,1141,726,1241,252,2387,614,55,482,580,56,842,609,440,466,1450,3071,99,298,197,104,205,169,71,148,348,662,213,141,198,0,12,405,0,0
2021-05-06,1162,2046,2548,601,1161,793,2598,213,395,702,4504,2632,187,1186,253,1870,1413,2050,578,394,1091,123,1246,650,1651,148,3268,671,39,6,666,49,856,711,380,407,1387,4112,84,188,171,214,273,137,89,96,318,565,150,132,141,0,4,385,0,0
2021-05-07,1475,3265,2154,820,976,749,2883,220,386,902,4165,2465,193,1244,203,1861,967,2015,768,498,782,143,1163,613,1450,234,2647,867,56,431,600,97,938,436,346,563,1397,3362,76,222,203,240,279,122,96,116,288,314,189,149,522,0,3,339,1,0
2021-05-08,1394,1646,1299,939,795,620,1415,194,360,740,3977,3028,0,1007,164,161,650,1024,656,0,57,88,1049,411,1282,0,2345,623,28,0,479,52,779,0,271,0,1297,2571,0,245,173,0,0,98,0,0,287,419,0,133,520,58,11,321,0,0
2021-05-09,69,1665,1054,448,858,339,1251,87,232,601,3231,2403,0,614,123,0,339,1446,434,0,37,73,905,195,803,0,1112,521,16,0,295,41,539,0,152,0,794,0,0,95,200,0,0,43,0,0,244,244,0,35,383,0,2,405,0,0
2021-05-10,1735,1531,2083,642,474,232,2664,66,207,432,2296,1661,371,448,177,3289,152,958,276,800,1378,52,591,225,1190,667,1681,415,15,348,333,55,336,827,194,1095,713,2988,77,76,104,509,568,44,141,235,214,106,342,30,272,23,7,211,1,0
2021-05-11,1202,1528,1591,683,555,574,2916,411,226,579,3263,1449,149,942,132,1017,561,1219,400,470,610,58,665,618,575,85,2216,287,87,1,409,65,600,409,281,649,1411,2668,125,233,89,267,136,126,71,58,238,310,228,157,183,0,1,258,0,0
2021-05-12,1098,1788,1603,469,760,663,2438,177,468,598,3184,2044,155,911,160,1480,486,1227,471,464,790,39,843,623,909,143,1883,382,54,398,347,45,561,187,377,480,1449,2756,83,224,114,205,195,111,58,88,302,347,230,193,43,23,17,340,0,0
2021-05-13,1302,2071,1766,544,721,571,2236,159,418,718,4064,2204,0,1101,211,1353,428,1785,474,436,856,73,883,503,1009,153,2563,356,68,41,567,73,579,471,256,415,1161,2367,81,192,125,362,200,114,103,80,295,1144,158,130,102,5,2,411,0,0
2021-05-14,2442,1797,1595,854,429,597,2434,88,336,810,3590,2039,154,886,126,1368,323,1505,512,389,571,131,898,495,1305,151,1643,628,20,351,515,68,493,365,232,421,1014,2098,45,250,135,201,218,96,83,112,305,4918,167,131,328,6,16,297,0,0
2021-05-15,778,1444,1311,474,1153,618,1085,0,320,637,3319,1761,0,740,133,249,646,1077,378,0,63,98,1144,417,872,0,1737,1525,106,0,368,55,699,0,175,0,919,1491,0,202,158,0,0,84,0,0,175,2016,0,76,227,0,11,307,2,0
2021-05-16,82,1219,800,482,549,0,665,0,242,505,2482,1888,0,513,113,0,269,686,369,0,37,116,726,237,805,0,887,483,15,0,243,36,274,0,138,0,618,0,0,95,134,0,0,47,0,0,192,254,0,41,229,0,1,238,0,0
2021-05-17,801,1032,1292,468,299,381,2118,177,164,320,1976,1379,263,502,98,2406,348,690,212,542,1222,67,537,265,589,431,1402,346,45,360,334,29,273,662,121,1113,729,2566,42,67,82,316,536,31,143,135,199,184,372,46,308,0,12,175,0,0
2021-05-18,676,1471,1077,619,438,558,3428,100,260,401,2805,1549,89,772,130,691,645,712,211,287,522,53,484,555,516,71,1629,159,26,10,445,33,389,81,201,494,993,1535,98,313,86,608,150,100,98,56,199,336,193,140,97,21,6,245,2,0
2021-05-19,891,1618,1590,540,516,514,1896,64,430,440,2811,1323,0,695,74,976,444,805,337,348,469,96,802,513,654,124,1051,390,18,493,468,43,471,228,297,615,918,1953,38,244,753,257,153,127,56,98,202,288,237,130,26,0,9,261,0,0
2021-05-20,964,1622,1559,590,605,569,1684,104,266,511,2893,1647,211,792,113,1116,561,671,319,302,555,78,893,503,866,172,1739,358,28,29,618,38,591,206,208,420,1208,1575,55,256,103,276,206,78,214,77,219,339,188,33,61,20,6,301,2,0
2021-05-21,1601,1566,1334,571,448,464,1543,104,300,495,2371,1595,310,694,77,1082,652,1560,443,334,499,47,789,453,679,185,1708,468,27,377,8452,39,396,171,168,340,1004,1197,34,201,135,105,173,69,70,66,170,443,167,137,195,0,7,285,0,0
2021-05-22,0,1089,775,645,451,354,949,0,262,505,3406,1313,0,581,76,126,378,775,521,0,0,89,666,290,596,0,0,331,38,1,0,19,481,0,154,0,871,1208,0,177,114,0,0,68,0,0,159,255,0,2,268,0,1,0,5,0
2021-05-23,12,919,727,321,346,156,748,0,231,333,2069,1074,0,362,59,0,301,508,244,0,16,44,563,237,439,0,2096,336,21,0,228,22,236,0,108,0,683,0,0,97,85,0,0,26,0,0,116,196,0,36,153,0,2,0,0,0
2021-05-24,1920,978,1433,450,228,169,2862,170,148,357,1606,964,182,318,46,2147,102,486,228,405,829,34,375,233,468,458,1168,384,14,252,305,21,76,386,96,587,567,1442,31,49,44,482,353,30,137,95,92,132,330,26,237,75,2,619,0,0
2021-05-25,1044,812,1289,500,228,435,2520,58,185,362,1874,945,62,634,79,684,389,1369,160,265,413,20,490,457,243,89,796,160,41,0,475,9,654,181,154,1043,727,975,81,329,74,157,184,80,73,52,61,306,149,150,83,0,5,233,0,0
2021-05-26,1664,1117,1260,656,429,365,1624,94,268,450,2327,882,78,542,42,802,395,799,198,227,457,46,643,385,432,119,964,337,19,344,551,26,323,88,161,419,986,1121,48,183,49,154,168,67,91,66,162,269,192,78,11,16,2,190,0,0
2021-05-27,1526,1017,5286,764,245,350,1737,58,309,361,2338,1145,111,665,143,904,394,826,239,232,362,53,656,357,499,137,1229,381,22,7,674,20,357,157,102,467,732,884,34,218,75,211,128,41,87,41,122,346,139,156,123,0,11,269,0,0
2021-05-28,1061,984,1446,807,287,265,1653,374,272,413,2338,930,52,550,37,769,266,847,247,267,283,37,558,303,359,144,881,408,54,211,619,8,404,204,118,354,660,743,57,214,74,131,120,49,96,44,128,228,135,109,138,43,2,241,2,0
2021-05-29,751,767,774,557,224,0,665,29,192,373,0,866,0,589,49,8,255,640,185,0,10,45,428,301,338,0,710,261,0,0,416,10,322,0,75,0,585,542,0,160,89,0,0,46,0,0,107,0,0,61,130,0,0,0,0,0
2021-05-30,0,584,602,623,162,0,165,0,176,255,0,848,0,246,27,68,246,501,249,0,7,119,358,31,279,0,490,180,0,0,204,9,227,0,53,0,377,20,0,61,51,0,0,20,0,0,87,0,0,24,94,0,0,0,0,0
2021-05-31,8,519,387,361,0,414,153,10,143,301,0,524,0,237,0,0,197,294,117,0,10,27,0,0,0,395,315,170,0,0,129,11,146,0,40,0,0,2,29,30,45,306,0,9,0,0,42,0,0,21,111,0,0,0,0,0
2021-06-01,1418,431,1305,4,186,63,702,120,112,140,5937,478,101,241,41,1900,158,428,101,514,532,55,517,394,133,71,841,0,102,3,144,4,59,222,49,978,622,975,0,69,28,42,330,18,220,110,39,640,294,21,67,23,17,571,0,0
2021-06-02,757,466,923,915,134,259,2347,28,200,377,1234,403,51,476,24,410,273,532,65,419,329,21,261,287,128,42,537,264,11,428,504,8,186,115,162,641,334,520,36,242,17,101,71,83,69,36,61,553,174,160,14,47,14,109,0,0
2021-06-03,863,709,1083,322,258,200,3104,47,343,208,1878,489,41,480,49,496,281,833,134,350,281,41,1217,314,236,115,746,102,30,0,666,8,258,70,126,313,490,527,15,197,46,192,108,53,110,53,106,430,152,127,28,0,6,144,0,0
2021-06-04,733,633,1179,346,200,211,1636,35,288,476,0,757,56,484,37,667,293,741,146,361,248,65,444,395,253,152,613,99,27,339,627,12,259,143,102,364,621,560,19,253,48,141,142,53,80,60,71,557,166,130,74,0,11,121,0,0
2021-06-05,655,525,829,277,217,0,1294,0,306,271,0,852,0,340,0,0,358,728,132,0,0,64,419,262,294,0,386,221,0,0,405,0,286,0,93,0,379,397,0,203,65,0,0,27,0,0,97,0,0,0,76,0,0,0,0,0
2021-06-06,80,334,757,507,143,0,630,6,223,219,0,491,0,270,0,61,209,443,105,0,0,79,0,0,258,0,335,182,0,0,14,0,155,0,73,0,268,13,0,88,56,0,0,21,0,0,78,0,0,0,55,0,0,0,0,0
2021-06-07,756,264,1182,374,112,298,819,88,174,159,4717,519,82,268,64,1231,208,327,84,627,332,31,528,98,194,338,478,95,42,214,465,30,90,197,35,796,255,449,12,62,41,332,214,16,150,51,30,739,237,122,64,48,6,308,0,0
2021-06-08,802,377,1084,414,121,202,1845,43,252,268,1184,459,32,524,3,357,195,531,79,347,173,31,364,531,125,80,423,120,9,25,668,13,182,66,89,102,426,366,29,231,21,57,62,39,71,0,69,216,128,137,64,48,5,96,0,0
2021-06-09,595,403,949,433,143,130,6951,25,361,337,1590,426,47,503,52,552,184,730,127,217,191,39,354,307,139,124,373,229,8,288,627,5,197,108,95,774,391,295,12,201,37,107,75,44,97,67,53,305,140,74,10,44,9,90,0,0
2021-06-10,763,410,1048,370,120,185,1853,24,313,301,1726,549,34,437,44,469,342,657,122,295,180,61,460,253,161,122,668,85,24,12,672,14,215,57,85,473,344,367,21,289,33,194,96,53,71,0,65,290,100,99,48,0,6,119,0,0
2021-06-11,566,402,983,422,131,110,1138,52,266,336,2237,686,26,429,28,421,274,812,114,262,1872,73,395,189,161,178,374,146,7,222,740,6,105,31,109,228,347,334,8,393,38,236,125,35,103,61,38,188,118,70,64,38,6,94,0,0
2021-06-12,546,239,607,570,126,0,823,0,357,245,0,430,0,398,0,37,249,638,87,0,17,98,446,204,148,0,293,0,0,0,445,0,141,0,83,0,385,215,0,264,26,0,0,40,0,0,53,0,0,0,69,0,0,0,0,0
2021-06-13,57,280,578,348,39,0,423,0,194,132,1898,363,0,223,0,0,207,505,83,0,41,30,0,83,146,0,181,72,0,0,285,0,73,0,52,0,251,6,13,91,36,0,0,6,0,0,50,0,0,0,41,0,0,0,0,0
2021-06-14,687,123,1105,394,58,201,883,72,169,124,2234,377,60,175,75,1136,231,210,60,439,31,46,434,154,116,490,347,324,21,226,527,11,68,115,72,554,178,614,0,103,21,266,227,8,120,67,13,550,228,91,59,12,8,205,0,0
2021-06-15,488,220,1034,423,79,130,1081,21,237,305,991,337,33,331,35,326,249,331,64,252,412,33,303,216,90,45,422,84,34,31,593,8,137,56,103,559,296,218,21,302,42,47,121,33,68,0,29,290,89,98,26,15,7,77,0,0
2021-06-16,515,385,861,436,68,36,2254,30,412,321,1719,286,27,486,18,350,283,634,78,363,214,29,337,148,86,216,279,25,10,294,804,9,277,39,85,325,381,220,5,288,0,83,80,19,56,51,51,160,87,71,11,12,10,90,0,0
2021-06-17,482,245,1010,332,107,108,783,46,369,258,1626,443,26,404,29,392,238,571,79,296,179,31,262,205,132,209,344,51,9,12,805,9,166,35,72,335,244,179,11,288,52,193,105,28,66,0,34,0,87,72,34,18,5,71,0,0
2021-06-18,453,98,1142,364,76,122,1081,23,325,261,1627,415,24,383,29,192,266,483,86,385,62,41,270,164,107,181,225,87,11,154,1018,3,114,70,78,326,382,170,0,276,31,244,121,24,65,102,36,334,0,75,88,5,1,0,0,0
2021-06-19,392,0,546,641,91,0,1719,7,290,282,0,389,0,371,0,29,208,402,62,0,0,64,540,12,115,0,177,0,0,0,463,0,89,0,62,0,208,0,0,251,27,0,0,15,0,0,41,0,0,0,87,0,0,0,0,0
2021-06-20,62,0,645,385,41,0,373,0,249,196,0,287,0,212,0,0,144,301,42,0,0,69,0,15,103,0,104,0,0,0,326,0,54,0,52,0,166,0,0,133,20,0,0,8,0,0,32,0,0,0,44,0,0,0,0,0
2021-06-21,659,728,1291,384,48,145,653,84,160,77,3678,277,46,172,75,724,141,229,40,640,258,12,284,293,99,451,215,302,5,144,593,8,116,92,39,686,123,348,18,90,16,159,263,4,140,87,18,356,243,58,40,16,17,0,0,0
2021-06-22,424,179,1075,422,33,113,1890,16,249,252,1679,266,14,381,19,337,231,387,49,400,114,18,305,159,79,162,123,63,27,16,818,3,144,45,83,325,349,161,35,485,13,67,97,27,74,0,20,0,117,116,29,6,20,245,0,0
2021-06-23,742,321,880,490,68,113,1136,49,527,311,1884,250,38,401,18,461,268,394,59,447,160,38,282,131,71,265,135,88,9,319,817,8,228,38,91,482,323,228,22,389,22,118,76,16,72,71,13,381,152,62,0,0,6,62,0,0
2021-06-24,565,228,1014,626,78,142,1678,33,462,200,1935,383,20,365,26,442,272,650,66,448,65,53,287,150,121,273,361,131,13,8,1191,6,193,153,58,365,303,200,10,383,21,302,81,13,71,0,12,0,89,67,21,0,6,55,0,0
2021-06-25,420,265,1400,587,60,66,1684,27,309,267,1872,343,13,341,11,396,349,439,64,804,78,41,305,181,92,224,154,112,8,242,1091,7,142,127,78,210,292,131,14,302,16,243,75,17,104,42,35,540,83,58,69,61,12,60,0,0
2021-06-26,347,0,785,475,56,0,1500,18,352,187,0,345,0,385,0,3,237,536,61,0,7,53,0,0,69,0,147,0,0,0,576,0,208,0,79,0,254,0,0,0,21,0,0,13,0,0,39,0,0,0,38,0,0,0,0,0
2021-06-27,63,0,867,436,31,0,176,0,282,121,0,374,0,221,0,8,150,175,66,0,0,46,0,0,97,0,104,0,0,0,423,0,148,0,54,0,154,0,0,0,25,0,0,6,0,0,13,0,0,0,47,0,0,0,0,0
2021-06-28,570,725,1610,413,41,144,864,80,254,118,0,321,53,146,52,850,147,336,37,915,225,17,562,255,81,580,153,472,10,318,789,10,89,141,58,942,147,376,20,966,18,301,148,3,148,96,13,517,133,48,53,4,16,163,0,0
2021-06-29,347,263,656,546,63,135,1725,75,361,194,5236,244,22,0,26,236,223,256,36,625,32,30,269,226,79,85,137,96,32,9,1045,4,148,40,94,413,277,237,9,479,12,270,46,14,96,0,32,0,76,113,12,19,4,25,0,0
2021-06-30,323,421,0,769,93,90,2986,28,574,176,2319,275,24,1078,23,306,195,520,62,558,168,47,402,256,68,276,149,128,0,424,1184,4,275,51,126,591,200,301,15,686,32,356,58,27,95,88,12,532,97,65,5,0,9,49,0,0
2021-07-01,457,407,49902,472,83,119,1310,49,540,220,2432,397,5,512,23,285,218,533,75,543,219,44,392,164,83,299,386,181,27,42,1387,2,224,35,99,568,579,241,25,700,26,180,87,11,63,0,21,0,92,66,32,37,9,56,0,0
2021-07-02,397,336,1792,526,89,115,1878,46,431,182,5697,474,25,426,28,396,310,462,85,508,226,73,407,172,101,333,150,240,16,365,1270,7,180,89,94,525,185,126,21,494,50,242,86,11,92,105,15,315,83,53,48,0,7,52,0,0
2021-07-03,0,0,0,645,0,0,1229,0,0,0,0,279,0,0,0,54,190,393,96,0,5,44,0,0,111,0,167,0,0,0,223,0,160,0,66,0,201,0,0,0,26,0,0,5,0,0,30,0,0,0,69,0,0,0,0,0
2021-07-04,0,0,0,442,0,0,219,6,0,0,0,312,0,0,0,0,112,303,61,0,0,52,0,0,0,0,111,0,0,0,970,0,168,0,60,0,0,0,0,0,29,0,0,2,0,0,19,0,0,0,56,0,0,0,0,0
2021-07-05,0,0,0,50,0,148,537,0,0,0,0,376,0,0,0,0,86,170,38,0,0,42,0,0,0,0,99,700,0,0,642,0,122,0,27,0,210,2,0,1246,16,0,0,9,0,0,0,0,0,0,70,0,0,0,1,0
2021-07-06,1146,1119,5730,900,290,45,1171,119,1149,479,0,307,55,1307,71,1325,154,279,47,1346,716,34,978,440,143,1041,75,132,39,79,1263,14,132,175,78,2017,190,523,0,270,9,649,200,6,197,0,0,0,257,78,105,47,21,130,0,0
2021-07-07,486,641,1332,373,91,176,4060,70,394,239,9206,341,40,648,26,570,283,488,55,453,430,34,372,329,231,151,140,136,6,930,1576,7,273,92,96,1226,317,4,59,1000,0,379,81,28,95,212,38,1613,124,152,6,28,14,67,1,0
2021-07-08,527,569,28068,625,110,235,2357,65,668,242,3911,637,10,924,33,642,331,445,99,697,397,63,557,292,124,456,390,282,11,11,1602,5,291,55,0,786,377,24,0,1210,31,427,132,29,128,0,36,0,145,87,22,0,15,53,0,0
2021-07-09,449,590,2358,921,201,144,2400,73,655,245,10630,754,0,878,23,545,398,891,145,813,639,57,437,351,139,551,194,407,21,801,2544,12,257,171,0,969,354,801,0,1155,55,416,124,13,101,132,9,1160,135,50,77,35,8,66,0,0
2021-07-10,0,0,429,807,0,0,1596,10,0,0,0,730,0,0,0,57,311,606,127,0,31,100,0,0,0,0,209,0,0,0,1138,0,286,0,290,0,299,9,0,0,33,0,0,27,0,0,18,534,0,0,111,0,0,0,0,0
2021-07-11,0,0,1113,803,0,0,430,9,0,0,0,811,0,0,0,0,283,338,79,0,0,91,0,0,0,0,149,0,0,0,815,0,240,0,0,0,231,1,0,0,55,0,0,9,0,0,0,0,0,0,86,0,0,0,0,0
2021-07-12,1632,1450,6720,122,332,341,1814,171,1238,507,0,642,90,1681,62,1727,215,374,79,1673,1059,0,841,737,187,1211,237,1109,71,646,672,32,183,70,0,2393,224,26,0,2013,19,796,299,1,172,173,0,610,297,85,139,28,23,160,0,0
2021-07-13,558,544,4649,345,284,236,5332,102,471,318,15283,668,23,1064,30,657,363,600,118,855,569,110,575,430,386,177,275,256,10,47,2331,8,346,206,277,953,344,698,0,1476,19,219,115,41,97,0,65,0,180,90,97,10,13,60,2,0
2021-07-14,733,1026,3109,1945,230,209,4768,127,637,245,6425,725,31,1240,40,968,365,496,104,692,614,40,581,630,199,1082,244,324,38,220,2152,19,412,141,330,1936,407,6,109,1309,70,641,180,27,96,248,40,1398,180,94,30,61,4,78,0,0
2021-07-15,715,824,3685,1014,267,215,3009,111,653,297,7011,929,54,1311,35,1030,446,547,178,938,539,143,557,525,209,705,317,625,41,48,2885,13,440,150,43,1500,547,53,0,980,49,557,156,32,124,0,49,965,206,68,126,15,2,80,0,0
2021-07-16,671,620,4927,1251,329,218,4682,150,668,376,16730,629,44,1047,32,1030,494,617,183,866,1046,137,546,526,246,750,338,571,37,1965,2824,21,445,139,0,1605,533,886,0,1342,39,534,187,17,68,287,45,999,162,87,184,0,4,90,0,0
2021-07-17,11,0,1777,1152,0,0,2633,0,0,0,0,1421,0,0,0,116,549,0,183,0,27,122,0,0,0,0,325,0,0,0,2011,0,0,0,405,0,486,1,0,0,69,0,0,25,0,0,56,901,0,0,199,0,0,0,0,0
2021-07-18,0,0,1633,980,0,0,1746,0,0,0,0,1143,0,0,0,0,428,251,166,0,0,140,0,0,0,0,285,0,0,0,989,0,0,0,0,0,301,0,0,0,48,0,0,8,0,0,0,724,0,0,185,0,0,0,0,0
2021-07-19,1820,2619,11283,1034,765,422,2553,306,1552,725,0,941,132,3218,59,2898,312,1140,139,2067,1613,122,1311,1008,260,2126,680,1838,141,806,1525,29,986,409,0,3987,660,52,0,2552,36,2326,377,11,186,455,0,718,354,79,237,67,1,244,1,0
2021-07-20,782,709,5923,1154,452,499,4785,140,559,584,24017,1112,65,1520,59,808,658,191,157,1004,887,97,657,989,621,465,486,332,34,48,2429,11,721,218,472,1562,744,1113,0,1875,34,573,135,48,131,0,153,1391,244,156,188,29,8,82,0,0
2021-07-21,949,1301,6491,1043,525,413,7810,135,873,391,8988,1092,101,2160,47,1473,699,854,244,931,1415,130,710,919,273,1203,475,677,31,1489,2714,19,678,228,475,5388,785,7,198,1459,45,961,271,26,148,473,47,1632,328,104,86,0,0,139,0,0
2021-07-22,1474,1886,8920,1174,542,406,7558,164,815,533,12647,1611,86,2077,34,1768,746,832,303,942,1226,218,852,905,338,1581,715,940,72,76,3245,38,666,295,53,2834,822,85,0,1860,71,1199,271,34,153,0,106,1567,232,141,180,86,14,126,0,0
2021-07-23,1052,1341,8857,1479,624,502,6812,233,0,606,27514,1698,92,2419,46,1655,909,535,288,1003,1544,215,760,992,371,1194,450,1243,43,1436,3037,29,750,212,0,3127,802,1642,0,1987,65,1317,244,43,110,439,54,1733,213,112,773,0,1,178,0,0
2021-07-24,0,0,2588,1528,0,0,5046,0,0,0,0,1868,0,0,0,0,861,188,317,0,36,242,0,0,0,0,583,0,0,10,2583,0,0,0,574,0,687,3,0,2015,91,0,0,45,0,0,70,1888,0,0,367,0,0,0,0,0
2021-07-25,0,0,2084,1508,0,0,1398,0,0,0,0,2032,0,0,0,0,596,372,306,0,0,259,0,0,0,0,382,0,0,0,1349,0,0,0,0,0,495,5,0,1022,68,0,0,12,0,0,0,1536,0,0,407,0,0,0,2,0
2021-07-26,3064,4053,16309,1441,1272,959,5300,389,2269,984,0,1526,250,5840,134,5486,521,1465,256,2400,3574,156,1900,2220,423,3669,886,3644,187,1338,1737,72,1883,589,0,7592,543,81,0,621,65,3608,631,38,200,564,0,1403,613,152,294,74,5,406,0,0
2021-07-27,976,1662,8598,1475,832,1096,11881,333,614,1022,38321,1648,105,3511,112,1977,794,304,309,1124,1802,148,1058,1224,1029,733,830,1117,0,77,2470,12,835,488,586,6818,1317,1946,0,2052,81,1291,238,66,172,0,172,2667,317,260,121,0,8,189,0,0
2021-07-28,1338,2161,7692,1361,660,883,8769,287,843,815,16038,1800,152,3713,67,2565,948,1274,416,1179,2289,88,1216,1660,619,1474,563,1439,108,2243,3061,44,1087,391,945,4699,1456,18,268,1703,73,1875,328,80,0,526,65,2726,359,223,170,0,8,196,0,0
2021-07-29,809,1655,10207,1759,905,1011,15475,238,1113,999,17589,2644,199,4416,89,3327,1077,1240,505,1345,2398,232,1250,1536,543,1806,1384,1879,61,33,3215,26,1101,339,85,4414,1205,113,0,2843,113,1908,401,75,332,0,120,2730,439,257,470,122,7,255,0,0
2021-07-30,844,2198,11270,1965,931,1157,14195,364,1211,1067,38776,2615,186,3488,103,3188,1119,855,526,1310,2289,552,1426,1615,700,1777,898,2236,69,1825,3992,59,1178,491,0,5313,1183,2525,0,2544,146,1643,331,84,172,570,111,0,530,224,526,17,12,268,0,0
2021-07-31,0,0,3340,2066,0,0,5631,0,0,0,0,3136,0,0,0,59,1182,529,587,0,57,467,0,113,0,0,0,0,0,40,2342,0,0,0,881,0,1469,14,0,1339,132,0,0,74,0,0,91,5414,0,0,730,0,0,0,6,0
2021-08-01,0,16,3321,2306,0,0,3347,0,0,0,0,2590,0,0,0,0,928,214,547,0,0,447,0,0,0,0,1822,0,0,0,1755,0,0,0,0,0,857,7,0,1984,156,0,0,30,0,0,0,1798,0,0,769,0,0,0,0,0
2021-08-02,2832,5333,25448,1846,2105,2075,8245,545,2244,2044,0,2208,451,5896,329,7916,878,1768,448,2531,6578,356,2797,3502,624,5597,1414,6799,318,1681,1761,149,3555,1245,0,11108,895,161,0,844,118,4991,1076,25,340,746,0,1705,907,266,665,115,23,665,2,0
2021-08-03,4989,2571,7632,1974,1101,1611,20135,448,728,1565,50997,3062,195,8817,169,2939,1313,969,368,1215,2351,369,1589,1686,1665,946,1223,2091,84,84,2542,39,1403,584,1313,4753,1769,2775,0,2343,81,1574,478,138,237,293,255,3307,642,400,169,34,29,267,0,0
2021-08-04,2497,2968,10111,2286,1032,1333,11649,381,1051,1183,16935,2834,302,4780,122,3362,1230,872,695,993,3820,320,1730,2518,933,2160,1735,2164,58,2644,4369,52,1717,537,1291,4779,2167,13,376,2838,122,2821,607,96,249,338,126,3399,635,296,378,28,30,382,0,0
2021-08-05,2916,3192,12516,2289,1171,1744,17534,412,1096,1372,20133,3442,240,5747,228,4282,1466,1124,729,1135,2970,635,1899,2330,861,2342,1691,2835,117,98,4041,90,1760,644,0,5468,1969,167,0,2777,186,3164,670,117,247,377,152,3817,743,283,1159,163,29,403,0,0
2021-08-06,2206,2976,14875,2826,1206,1291,24559,394,893,980,46686,3760,298,5880,157,4555,1346,817,890,1299,3875,607,2008,2460,1004,2303,1665,3273,128,2075,3429,101,1845,731,0,6116,1666,4262,0,3037,228,2094,546,119,253,332,145,3685,679,270,1010,53,21,429,8,0
2021-08-07,0,28,4129,2653,0,0,11265,0,0,0,0,4537,0,0,0,98,1539,936,892,0,94,600,0,114,0,0,1520,0,0,0,2259,0,0,0,1596,0,2317,0,0,2633,260,0,0,116,0,0,165,3891,0,0,473,0,0,0,0,0
2021-08-08,0,0,18853,2639,0,0,2372,0,0,0,0,3637,0,0,0,0,1169,263,853,0,0,632,0,122,0,0,0,0,0,0,1537,0,0,0,0,0,1413,52,0,1369,214,0,0,51,0,0,0,0,0,0,892,0,0,0,0,0
2021-08-09,6407,7858,12989,2191,2652,2518,11712,742,2019,3204,0,1681,0,12737,455,14709,861,2202,586,3010,9193,432,4941,5058,1118,6328,2652,9311,486,2721,1817,251,4655,1287,0,16543,1269,3092,0,995,195,6912,1305,26,573,847,0,4877,942,387,800,53,52,1037,4,0
2021-08-10,1404,2907,9674,2582,1334,1810,20179,544,634,2333,56610,1722,714,6743,88,4227,1629,953,630,1125,3425,419,2197,2366,1685,1042,2029,2238,137,29,2559,92,1759,275,1559,6088,2326,29,0,2620,123,3488,683,198,300,254,361,3815,754,485,307,106,44,457,0,0
2021-08-11,4170,3867,11479,1970,1440,1524,21854,483,1115,1957,24753,7224,285,6770,148,4975,1686,1161,886,916,4156,460,2466,3027,1625,2199,1775,2649,127,2690,3934,94,2117,914,1717,5407,3393,3178,862,2940,161,3163,713,184,256,375,217,3851,736,367,566,0,48,546,1,0
2021-08-12,3625,3353,11357,2970,1367,1661,13193,504,1243,2305,20656,4870,364,6855,306,5730,1854,1167,1047,1221,4740,543,3152,2614,1311,2468,2259,3279,152,39,3675,126,2361,742,0,5287,3272,254,153,2318,331,4412,1279,150,375,402,235,4167,752,396,1161,103,48,505,0,0
2021-08-13,3065,3445,15016,3225,1298,2082,17816,500,901,1765,49745,4634,401,7107,242,6693,1844,1820,950,1280,5037,1149,2655,3886,1324,2814,2098,4526,196,2853,3141,157,2270,542,0,7548,2732,3474,139,3023,271,5023,796,169,315,334,215,3986,783,344,1351,73,46,290,3,0
2021-08-14,0,0,13336,3418,0,0,10909,0,0,0,179,4675,0,0,0,0,2564,0,1016,0,0,764,0,164,0,0,1927,0,0,0,2665,0,0,0,1950,0,2460,0,0,2117,334,0,0,162,0,0,188,0,0,0,993,0,0,0,0,0
2021-08-15,0,0,11390,3052,0,0,5942,0,0,0,0,4038,0,0,0,0,1274,600,869,0,0,829,0,132,0,0,1982,0,0,0,1529,0,0,0,0,0,1977,32,0,1517,299,0,0,105,0,0,0,6992,0,0,1259,0,0,0,0,0
2021-08-16,7595,9152,13229,2400,3093,2448,13830,1017,2423,4380,56036,4208,694,19069,561,13855,1304,2090,766,2523,12909,522,6667,6651,1459,6967,1895,11039,576,2371,2006,0,5901,1581,0,13370,1814,3777,179,856,284,7839,1771,74,672,1056,0,2466,1353,462,656,53,107,1482,5,0
2021-08-17,2378,3567,10901,2661,1468,2025,25497,655,963,2915,21669,3528,331,7464,271,4610,1821,1463,851,1002,3482,453,2695,3141,3044,862,2085,2286,66,110,2101,357,2244,881,1755,3691,3235,139,395,2203,142,3323,747,269,412,449,375,4023,905,622,362,0,63,1339,1,0
2021-08-18,3786,3836,15705,2402,1579,1667,19905,611,1489,2108,23335,4508,405,7837,256,5496,1677,1837,1012,1429,5023,641,3444,3694,1158,2360,2386,3534,0,2964,3156,97,2552,593,1992,6606,3303,3178,376,2685,324,4085,874,252,488,661,191,4465,1217,436,279,118,37,820,0,0
2021-08-19,3915,3381,18072,3546,1576,1796,18576,660,1282,2969,15586,5070,336,9580,274,6902,2022,1276,1060,1413,5793,744,3502,4770,1346,2502,3908,3259,319,163,3446,169,2764,534,0,5550,3446,174,295,3549,429,4807,967,254,306,683,182,3890,796,495,397,19,82,970,4,0
2021-08-20,3789,4851,26088,3109,1533,1825,22650,409,1116,2142,33935,3906,355,9222,308,6651,2940,1728,1206,1207,7638,836,4103,4137,1698,2851,2544,5228,180,2514,3216,115,2792,431,0,5922,3783,4605,304,2407,408,5048,868,302,521,469,185,3799,616,441,1340,0,98,925,0,0
2021-08-21,109,0,12739,3195,0,0,18221,0,0,0,12636,6175,0,0,0,107,2158,479,1132,0,76,752,0,29,0,0,2389,0,0,19,2024,0,0,0,2197,0,3452,0,0,2520,388,0,0,209,0,0,205,6210,0,0,1925,0,45,0,0,0
2021-08-22,0,0,11958,3307,0,0,3880,0,0,0,0,4593,0,0,0,0,1450,982,990,0,111,885,0,397,0,0,1899,0,0,52,1580,272,0,0,0,0,2194,37,0,1229,310,0,0,116,0,0,0,3315,0,0,854,162,0,0,0,0
2021-08-23,8003,9103,13061,2632,3418,3282,11352,1550,2718,4667,42143,3836,619,20895,731,15819,1624,3297,925,3066,19378,570,8399,8057,1666,6218,2437,13830,556,2721,2009,82,7081,1554,0,10889,2775,4277,331,986,280,7249,2198,109,891,1112,0,2588,1099,645,777,11,143,2486,2,0
2021-08-24,3466,2970,11122,2595,1600,2600,21065,797,1141,2781,21208,3494,236,9007,287,6229,1857,985,847,1007,4619,557,3460,4726,3837,1794,2768,3708,133,101,2447,105,3027,1071,2355,3814,4117,101,785,2223,195,3291,874,397,507,593,363,0,1004,713,228,79,126,785,0,0
2021-08-25,2951,4525,13093,0,1495,1930,23412,926,1585,2739,26203,3731,383,10292,294,5372,2113,1623,1190,1362,864,503,4960,5081,1400,2534,4094,3697,125,3442,2770,118,3454,651,2560,6619,4600,5002,455,2781,341,3385,768,357,459,620,287,0,1021,604,912,0,147,1102,4,0
2021-08-26,3985,4147,16107,6855,1891,2327,15643,776,1491,2046,21765,5371,355,10521,322,9257,2054,2235,1244,1137,9924,824,4904,5210,1829,4152,3333,4541,210,155,2937,149,3492,788,0,5131,5395,270,471,2318,429,3425,922,354,467,727,390,11142,980,632,1173,0,108,1448,2,0
2021-08-27,4469,4767,14547,3707,1656,2584,21281,867,1286,3191,27805,6364,398,10824,320,8384,2592,1426,1374,1287,7653,1017,4827,4847,1902,3338,3509,6830,190,3163,2900,144,3519,788,0,3428,4855,4342,439,2866,528,4041,951,283,472,534,267,5033,833,706,992,76,179,1328,2,0
2021-08-28,0,0,14115,3893,0,0,10568,0,0,0,20968,5583,0,0,0,0,1934,1117,1368,0,71,927,0,377,0,0,3790,0,0,0,2176,187,0,0,2643,0,5204,0,0,2166,382,0,0,361,0,0,415,6190,0,0,824,0,0,0,0,0
2021-08-29,0,0,11893,2090,0,0,3869,0,0,0,0,2636,0,0,0,0,1850,0,1067,0,86,1658,0,586,0,0,2899,0,0,78,1061,137,0,0,0,0,3963,64,0,787,300,0,0,172,0,0,0,3433,0,0,692,0,0,2837,0,0
2021-08-30,8346,10159,15457,3247,4299,4014,19479,1447,3331,5495,31164,5972,624,22330,949,18467,1508,3076,942,2799,19671,714,11338,9623,1904,7827,2389,16420,697,3134,2514,72,8296,1361,0,0,3091,5512,463,882,394,7971,2276,139,1289,1148,0,3072,2287,722,637,0,307,1141,7,0
2021-08-31,3364,4802,11483,822,1775,2628,22151,1136,1218,2391,18608,3894,292,10738,215,5532,2128,2104,1078,1242,9039,545,3542,4669,3870,1719,3249,4602,178,68,1782,156,3487,1003,2022,0,5914,180,1020,2626,232,1111,829,520,380,639,475,5206,1215,796,235,104,206,1030,0,0
2021-09-01,4094,5146,22732,4740,2037,2275,26427,857,1686,2800,19048,4126,352,9399,332,6997,2283,1604,1374,1452,9382,447,4735,4931,1424,2538,3331,5347,139,4186,2860,199,3407,712,3643,12380,7102,5236,578,2890,328,2939,873,458,871,791,433,4691,1168,968,530,70,181,1466,0,0
2021-09-02,4855,4494,14358,3470,1767,2718,19469,1107,1688,2426,21723,5289,419,8150,298,7468,2542,2873,1272,1136,3031,1060,5151,5132,1900,3274,4585,5523,148,112,2986,143,4255,686,0,2099,7087,114,535,2453,547,3850,988,536,595,712,624,5312,1596,739,573,27,169,1632,0,0
2021-09-03,3833,5882,12022,3802,1911,2262,26795,1102,1634,2360,17691,5919,354,11711,394,9027,1735,2118,1388,1407,6403,862,5027,5444,2130,3080,3438,6221,200,3818,2993,161,4070,665,0,2625,6179,5105,483,2129,556,3352,915,440,604,582,665,5128,1377,652,906,0,197,1719,2,0
2021-09-04,0,0,9727,3424,0,0,16206,0,0,0,0,3374,0,0,0,346,2248,0,1194,0,113,875,0,579,0,0,4783,0,0,0,2394,181,0,0,3187,0,6369,0,0,2360,461,0,0,420,0,0,491,4420,0,0,838,0,93,1977,0,0
2021-09-05,151,0,10551,3071,0,0,2910,0,0,0,0,6501,0,0,0,0,1714,928,805,0,80,718,0,213,0,0,3176,0,0,0,1218,110,0,0,0,0,5561,38,0,1072,367,0,0,205,0,0,2,2842,0,0,684,0,0,1500,0,0
2021-09-06,182,0,7054,2378,0,4425,4711,1660,0,0,0,3689,0,0,0,0,1951,3578,1027,0,156,742,0,606,0,0,2503,17024,0,0,971,131,8743,0,0,0,3944,0,0,937,259,5781,0,136,0,0,0,2566,0,0,407,0,94,1316,5,0
2021-09-07,10901,11928,11141,1982,5683,944,9763,128,4659,5776,56082,3256,906,25870,1003,24854,354,1930,795,3193,33510,497,12977,11490,2074,10073,2536,3783,651,238,1842,200,2007,1612,3207,5532,4876,6781,453,583,348,704,2499,271,1289,2127,0,2672,2558,1223,58,110,201,1008,0,0
2021-09-08,3665,3970,9061,2222,1475,2460,42057,1156,1540,2329,13774,2455,435,8437,540,5061,3498,2083,701,1446,5155,371,2906,5033,5756,1300,4391,3157,125,5451,2582,111,4479,935,2368,3066,6823,3255,1230,2181,238,1934,541,639,802,837,732,4791,1517,1047,362,31,325,1352,1,0
2021-09-09,4037,5137,11053,2480,2407,2167,32054,955,2166,2414,12386,6454,371,7392,523,6784,2210,1827,907,1115,3895,421,5152,5331,1211,2462,4197,3556,165,101,2705,152,3952,626,0,4903,7897,326,619,2481,352,3138,576,615,533,838,620,4367,1440,994,363,0,0,1744,0,0
2021-09-10,3466,5301,9861,2988,1873,2756,18075,940,2189,2433,18007,5883,395,8167,332,5454,2664,1721,1553,1552,4959,741,5334,5352,2037,2627,5005,4154,107,4164,3249,147,4479,625,0,2173,9019,6761,615,2159,650,1892,880,632,813,693,506,4800,1574,968,723,80,408,2379,1,0
2021-09-11,0,0,9154,3355,0,0,10414,0,0,0,8995,6060,0,0,0,0,2494,0,1376,0,0,829,0,385,0,0,5131,0,0,0,2476,199,0,0,4016,0,8405,0,0,1749,617,0,0,502,0,0,581,4494,0,0,432,0,0,2262,0,0
2021-09-12,213,0,7392,2765,0,0,2499,0,0,0,0,3735,0,0,0,0,1847,1137,1151,0,0,713,0,0,0,0,4125,0,0,0,1556,180,0,0,0,0,4463,0,0,1116,530,0,0,208,0,0,0,1794,1276,0,462,0,152,2244,0,0
2021-09-13,9108,9138,16056,2278,5085,3891,17493,1629,4214,4679,23930,5408,962,15746,1215,23742,1545,4326,1103,2950,29005,454,10170,9329,2680,7380,3150,18276,805,2784,1919,150,9252,1348,0,4132,5568,6822,528,646,444,3763,1777,177,1182,1456,0,2692,1453,1220,298,107,174,1417,2,0
2021-09-14,3071,4467,8746,2609,1643,2430,24281,1062,1276,2028,11300,4113,434,7095,421,4997,2038,2517,1095,1361,5077,421,3512,4650,4598,1029,3732,4269,375,131,2284,112,3659,1050,4026,2718,7325,216,992,1544,249,2070,736,368,638,689,667,3944,1634,1245,47,9,219,1473,4,0
2021-09-15,3756,4219,8760,2432,2877,4071,22741,1057,1885,2028,10723,4808,408,6002,544,7131,2275,1594,1190,1046,7115,487,4705,5518,2731,1966,4812,3182,294,3663,2626,208,4066,401,3884,2371,7747,7532,568,1919,252,2353,686,943,434,1089,778,3651,1317,1218,325,0,0,1805,2,0
2021-09-16,3486,4577,12292,2855,2148,3979,16938,999,1885,2208,9760,6730,322,5711,612,6181,2958,2123,1330,1475,4533,579,4092,4931,2473,2263,5786,4475,209,72,2581,338,4181,1066,0,1663,8349,258,552,1824,554,2594,877,573,746,1052,652,3972,1229,1107,522,76,0,2135,0,0
2021-09-17,3649,3581,10053,2830,2178,3554,18404,881,1749,2073,11290,6038,474,5553,419,9047,2374,2145,1525,1371,6338,567,4288,5325,2635,2124,5198,4950,202,3206,2088,234,4212,1544,0,2179,8447,6478,544,1809,618,2321,758,490,315,882,715,2974,1733,1215,399,65,577,2320,0,0
2021-09-18,0,0,8263,2742,0,0,9553,0,0,0,9791,3286,0,0,0,0,2623,0,1278,0,0,550,0,435,0,0,5617,0,0,0,2116,205,0,0,5161,0,6716,0,0,1574,581,0,0,488,0,0,587,3462,754,0,324,0,0,2074,0,0
2021-09-19,0,0,7068,2457,0,0,1527,0,0,0,0,7724,0,0,0,0,1909,1320,1036,0,0,461,0,348,0,0,4500,0,0,0,1156,273,0,0,0,0,4428,78,0,739,450,0,0,199,0,0,1,2090,299,0,289,0,0,1604,0,0
2021-09-20,7349,8254,8696,2020,4590,7832,12001,1418,3393,3320,9022,3757,901,11512,1079,15999,1623,4007,1139,2213,12084,419,7984,8238,2457,5998,2569,11056,712,2391,1433,130,8943,1446,0,3194,4899,8068,446,396,439,2687,1509,221,1541,2108,0,1920,1262,1635,203,19,311,1318,5,0
2021-09-21,2931,3027,6669,1934,1382,4127,15953,994,1330,1680,13201,5331,336,7093,211,4463,2165,1804,974,1230,0,274,2638,3306,6321,484,4939,2206,149,95,2011,147,3335,394,3633,1268,6814,164,739,1401,272,1669,410,625,553,853,632,3220,1808,1176,35,31,199,1337,2,0
2021-09-22,2102,3522,7557,2106,1980,3146,17293,881,1725,2266,10073,4534,323,4633,345,6297,2351,1311,1145,824,9326,328,3904,4521,1638,2244,4394,2414,137,2438,2255,168,3737,490,3311,1906,6882,7484,604,1463,267,1557,714,641,542,1244,614,3018,1359,1315,361,68,0,1734,0,1
2021-09-23,4458,3871,9726,3013,2004,3593,10644,683,1599,1808,4215,5037,284,4435,753,6125,2252,2428,1405,1053,3804,437,3587,4214,2291,2361,5489,3199,169,48,2211,289,3767,591,0,1517,7475,302,585,1540,643,2071,722,629,757,1315,716,3366,1335,1175,157,0,239,1477,0,0
2021-09-24,3089,3374,7495,2998,1920,3194,16746,712,1672,2075,7807,6145,407,4252,744,5719,2236,1559,1363,1072,5291,391,3209,3898,2862,1230,5071,3521,187,2469,2091,242,2886,470,0,1002,7095,6876,470,1365,570,1505,713,641,515,1778,714,2569,1653,1038,275,0,150,2685,0,0
2021-09-25,0,0,1555,2916,0,0,5846,0,0,0,7020,3798,0,0,0,0,2234,386,1568,0,0,394,0,308,0,0,4966,0,0,18,1866,180,0,0,4485,0,5379,0,0,1012,599,0,0,637,0,0,603,2937,806,0,321,0,0,1758,0,0
2021-09-26,102,0,1179,2579,0,0,5975,0,0,0,0,6788,0,0,0,0,1110,386,1114,0,0,367,0,201,0,0,4247,0,0,0,895,241,0,0,0,0,4266,72,0,417,381,0,0,283,0,0,0,1633,398,0,225,0,0,1376,0,0
2021-09-27,8226,6627,19950,1959,4353,6640,10454,1308,3176,3581,8804,2826,751,8248,1252,13452,1159,3853,960,1981,7738,248,6324,6329,2784,5346,3010,8588,567,1923,1128,200,7987,1444,0,3058,3681,8564,383,470,424,1773,1986,218,1069,3999,0,1594,1417,1253,149,122,288,1163,2,0
2021-09-28,3021,2364,5305,1123,1491,3679,14198,1057,1132,1620,5056,5248,300,3735,362,3407,1888,2297,973,902,3307,237,2310,4367,6202,648,5429,1818,126,104,1639,98,2641,553,3370,1031,7283,275,812,800,290,1520,610,884,495,685,1008,1984,1387,1200,31,0,0,1037,1,0
2021-09-29,2752,2969,7143,3388,1646,3324,14257,676,1787,1993,5819,5016,313,4141,652,4580,1997,1384,1125,800,3571,214,2863,4054,2062,1500,4570,2868,98,2397,2033,109,3151,450,3019,1048,6463,8410,551,1153,294,1098,633,825,535,996,867,2141,1649,1339,251,42,0,1496,0,0
2021-09-30,3183,3457,9241,2744,1632,2758,9834,933,1706,1870,4781,4979,297,4494,548,4943,2327,2531,1479,1140,3957,327,3394,2700,2874,1880,4892,2512,157,104,2113,224,3132,165,0,872,6530,323,472,1004,531,1101,1007,759,637,1267,925,1702,1910,1209,185,0,505,1961,1,0
2021-10-01,3093,3311,8033,3642,1648,3982,9519,630,1715,1655,5829,5818,358,3277,495,4520,1673,2296,1531,1010,3267,359,3176,4110,3696,1452,5352,2983,178,2278,1820,190,2552,721,0,1373,6234,8923,456,857,636,822,791,650,567,1032,738,1845,1775,975,95,65,127,1645,1,0
2021-10-02,0,0,1363,2942,0,0,6351,0,0,0,4446,3336,0,0,0,76,1935,451,1287,0,0,269,0,293,0,0,3392,0,0,13,1409,229,0,0,3522,0,6094,0,0,642,618,0,0,711,0,0,741,1480,909,0,146,0,0,1567,0,0
2021-10-03,100,0,1056,2255,0,0,1131,0,0,0,0,3396,0,0,0,0,1454,416,1092,0,0,276,0,0,0,0,6289,0,0,0,1017,140,0,0,0,0,3445,154,0,486,402,0,0,266,0,0,0,892,339,0,206,0,0,1027,0,0
2021-10-04,6711,6845,15331,2113,3351,6512,7818,1302,3300,3262,5775,6260,638,7186,1291,11109,1246,3902,1078,1871,6089,188,6090,4542,3537,3839,4395,6946,460,1795,995,190,7762,1097,0,1725,4212,9717,365,195,365,1561,1762,277,810,2232,0,736,1131,1481,102,55,297,846,2,2
2021-10-05,2517,3169,4554,2254,1340,4823,10642,757,1265,1627,3598,3924,246,2831,396,2647,1648,2124,648,943,3109,87,2102,2925,7134,682,4019,1259,72,2,1296,94,1428,411,3329,1020,5533,181,755,747,283,947,538,859,538,854,897,1549,1814,1260,61,0,0,864,0,0
2021-10-06,2623,2924,6396,2041,1649,2704,12724,804,1975,1532,3782,6275,334,1070,484,3582,1852,2040,1077,9611,3091,164,2639,2722,3883,1096,5058,1264,115,2299,1954,127,3919,377,2821,920,6296,9411,401,882,428,834,832,806,566,856,836,1272,1370,1345,137,32,324,1398,1,0
2021-10-07,2870,3588,7165,2529,1722,3309,7954,782,1806,1426,3549,5602,234,5653,628,3862,2065,3054,1398,721,2370,278,2203,2976,2667,1501,5819,2173,120,117,1550,291,2886,548,0,971,6310,0,474,893,471,1112,1023,706,681,853,680,1262,1340,1294,210,43,138,1525,0,0
2021-10-08,2363,2732,6829,2702,1824,3481,7851,826,1637,1557,4024,5833,399,3200,646,3911,1869,2952,1176,769,2422,192,3540,2026,3645,445,5583,2002,168,2119,1548,281,2836,509,0,787,6651,10111,351,739,516,601,973,693,539,834,467,1049,1661,1312,136,9,131,1469,0,0
2021-10-09,0,0,1195,2358,0,0,4999,0,0,0,3091,3539,0,0,0,0,1828,0,1259,0,0,189,0,0,0,0,5610,0,0,0,1021,255,0,0,3068,0,3185,0,0,887,606,0,0,552,0,0,593,919,796,0,117,0,0,1267,0,0
2021-10-10,64,0,1039,2182,0,0,1009,0,0,0,0,2077,0,0,0,0,1433,479,1333,0,0,200,0,0,0,0,3907,0,0,0,723,213,0,0,0,0,5399,0,0,467,311,0,0,273,0,0,0,653,206,0,0,0,0,1071,0,0
2021-10-11,5622,222,13388,1760,0,5711,5448,1321,0,2880,0,7882,0,0,1535,9627,954,5381,809,1849,4437,107,4725,4483,3197,4889,2872,4999,0,1622,898,220,5448,0,0,1464,2936,9793,0,217,359,1041,0,230,834,2770,0,467,0,0,279,25,218,757,4,0
2021-10-12,2464,7549,5320,2029,4625,3416,9748,545,4372,1351,6921,3253,917,6184,486,2304,1642,1626,411,972,2589,49,1605,2211,7936,625,3898,973,436,15,969,133,2012,1473,2662,1129,4456,0,429,733,165,820,2427,721,483,450,0,886,1990,2216,9,0,185,753,4,0
2021-10-13,2969,2945,4714,2319,1763,2860,9697,838,1844,1136,2505,4524,290,1988,544,3302,1746,2709,1114,728,2295,113,2695,2694,2376,1218,5012,999,48,1960,1641,327,2359,240,2416,551,5648,10849,1088,694,321,719,708,661,439,1226,893,1016,2000,1347,176,28,134,1130,1,0
2021-10-14,2980,2571,6472,2386,1789,2960,5594,739,1253,1136,3377,4514,313,2046,648,3574,1638,2548,1124,707,1980,156,2632,2069,2916,1181,5253,1471,102,47,1440,151,2603,908,0,842,5143,0,341,781,494,528,876,623,605,967,799,1050,1914,1288,81,0,95,1264,0,0
2021-10-15,2519,2570,6417,2399,1649,0,6830,701,1493,1150,2913,6342,315,1846,626,2959,1383,3972,1068,521,2001,151,2264,2062,3341,1179,5725,1527,124,1778,1428,227,2357,494,0,559,4937,9970,318,714,442,411,801,560,473,984,551,1143,1522,1144,224,0,105,1371,0,0
2021-10-16,0,0,1097,2482,0,0,3313,0,0,0,2484,4018,0,0,0,0,1452,588,936,0,0,135,0,179,0,0,4485,0,0,22,876,339,0,0,2456,0,3709,0,0,562,494,0,0,522,0,0,542,787,783,0,108,0,0,1172,0,0
2021-10-17,62,0,895,0,0,5213,862,0,0,0,0,3149,0,0,0,0,896,391,871,0,0,135,0,0,0,0,3821,0,0,0,647,249,0,0,0,0,2515,0,0,383,0,0,0,216,0,0,0,544,304,0,140,0,0,859,0,0
2021-10-18,2027,5417,14750,0,2991,2830,4987,1123,3036,3260,3096,5389,647,3321,1616,6960,767,3987,714,1399,3126,109,3828,2958,2851,3571,2902,3553,329,1492,564,201,4944,1147,0,1077,2810,9328,354,142,588,770,1877,199,1028,0,0,338,1290,1275,73,101,196,689,7,0
2021-10-19,5421,2032,4165,5660,2045,2030,6256,619,1343,1342,2122,3294,228,1630,377,1427,1238,2403,542,1000,1554,64,1535,1989,5663,422,3899,654,40,261,972,132,1617,709,1885,581,3617,0,738,661,189,1278,516,724,402,2820,883,961,1477,1326,14,6,163,757,0,0
2021-10-20,2596,2402,4153,1991,1470,2432,5850,738,1410,1313,2571,4777,228,1771,575,2663,1106,2312,717,716,1872,134,1953,1874,1846,895,3584,907,55,2002,1446,117,1822,384,2497,495,4574,8766,466,672,293,448,629,578,440,814,649,665,1550,1251,127,14,0,1012,0,0
2021-10-21,3151,2295,7419,2495,1381,2674,5695,802,2341,1380,2262,4365,296,1481,640,2911,1468,2595,1069,719,1601,142,2152,1743,2351,1148,4998,907,74,160,1288,322,1779,410,0,923,4084,0,417,506,379,422,1132,536,655,1020,551,1065,1322,976,119,0,225,1100,0,0
2021-10-22,2392,2934,6262,3074,1454,2378,4266,823,1619,1465,2029,3700,194,1612,535,2675,1706,3001,863,822,1366,118,1885,1568,2134,1049,4496,1069,114,1737,1053,230,1655,453,0,681,4078,9164,337,622,394,389,982,568,512,846,575,1598,1481,1082,131,27,93,1004,1,1
2021-10-23,0,0,1161,3145,0,0,2908,0,0,0,0,3464,0,0,0,33,1140,642,910,0,0,170,0,70,0,0,4573,0,0,0,941,253,0,0,2440,0,3466,0,0,440,341,0,0,471,0,0,585,945,723,0,130,0,0,873,0,0
2021-10-24,62,0,913,1483,0,0,1201,0,0,0,0,2152,0,0,0,0,787,732,717,0,0,153,0,0,0,0,3414,0,0,0,511,270,0,0,0,0,2540,0,0,246,296,0,0,189,0,0,0,414,241,0,139,0,0,642,0,0
2021-10-25,5315,5182,3574,158,3392,4467,4391,1037,3637,2207,4154,5021,463,2690,651,5662,943,6155,512,1496,0,85,3519,2501,2981,763,2425,2554,291,1498,730,139,3945,899,0,878,2325,8557,295,161,246,555,2321,255,909,1666,0,301,1089,1414,56,19,199,877,1,0
2021-10-26,1988,2189,17329,450,1468,2998,5519,853,1614,1507,2024,2496,185,1156,0,1246,1473,2589,597,724,3759,69,1413,1422,6522,1777,3742,595,40,6,1021,90,1299,254,2054,460,3807,0,718,502,107,1670,686,741,341,743,882,943,1344,1126,19,0,152,714,0,0
2021-10-27,1924,2024,5091,6299,1435,2253,4217,598,2070,1321,1887,4141,261,1971,0,2277,1289,2772,731,739,1201,175,2062,1520,1799,865,4178,703,71,2530,1365,161,1631,337,2529,770,3839,9773,453,559,262,344,957,644,488,560,620,7393,1238,986,91,0,121,1019,0,0
2021-10-28,3216,2730,13079,2795,1584,2590,6101,866,1862,1087,2021,3199,264,1525,0,2577,1965,4358,929,686,1615,117,2069,1619,2685,696,4312,814,118,47,1193,326,1495,443,0,491,4190,0,312,517,312,343,1300,666,491,809,572,2141,871,982,131,27,96,951,0,0
2021-10-29,2245,2623,7000,3691,1391,2613,4211,660,1813,1405,2065,5734,234,1202,2076,2201,1306,3335,911,0,1103,143,1916,1369,3317,920,4506,1414,132,1860,1097,229,1646,424,0,241,3485,9713,396,546,282,309,1054,518,523,804,630,376,1075,776,158,32,111,902,0,0
2021-10-30,0,0,1408,2843,0,0,2971,0,0,0,1666,3127,0,0,0,34,1230,0,871,0,0,150,0,96,0,0,4366,0,0,0,863,135,0,0,2396,0,3421,0,0,464,387,0,0,520,0,0,588,488,380,0,120,0,0,887,0,0
2021-10-31,59,0,1069,2840,0,0,398,0,0,0,0,2794,0,0,0,0,1215,912,636,0,0,125,0,0,0,0,3114,0,0,0,978,268,0,0,0,0,2416,0,0,221,248,0,0,303,0,0,0,394,64,0,90,0,57,661,21,0
2021-11-01,4990,6078,16212,2090,3308,4743,3337,1471,3177,2557,1694,5695,558,2572,2258,4889,821,5564,448,2178,0,64,3975,2207,10434,1374,0,2329,230,1222,301,149,3228,832,0,1529,2461,10374,403,137,199,493,2626,157,696,1528,0,217,1002,1131,54,2,78,498,0,0
2021-11-02,1763,2349,4163,2350,1264,3399,5172,1089,1250,1086,2000,2911,224,1246,381,1135,1215,3463,482,950,3292,39,1371,1180,7031,780,6426,431,71,8,1256,173,1245,412,2753,246,3917,0,718,641,76,455,674,656,367,493,862,745,924,1138,15,27,0,629,0,0
2021-11-03,1789,1787,5001,2180,1465,2364,4266,972,2153,1119,1804,4014,301,1310,622,1545,1298,2303,696,847,1097,161,1972,1578,2941,631,3819,552,61,2243,1428,214,1435,391,2578,445,4503,11962,520,546,282,395,1161,649,414,672,660,484,1239,864,120,18,124,849,0,0
2021-11-04,2240,4331,8431,3552,1754,3465,3613,912,2267,1186,1569,4631,321,1390,733,2057,1504,3642,800,1022,1210,110,2033,1404,3698,870,5162,850,106,93,1223,527,1494,431,0,620,4487,0,441,428,301,381,1612,611,537,651,692,1089,666,792,154,9,97,888,0,0
2021-11-05,1559,2932,7520,3813,1767,3215,3089,1025,1872,1136,1765,4859,270,1213,813,1834,1385,4275,868,844,932,111,2313,1325,3354,576,5130,1015,91,2011,1206,390,1369,320,0,538,4348,12138,431,557,0,514,1460,574,378,863,601,575,797,684,117,15,79,871,31,0
2021-11-06,0,0,1623,3592,0,0,2220,0,0,0,1480,3851,0,0,0,2,1403,758,791,0,0,88,0,0,0,0,4663,0,0,0,1211,264,0,0,2944,0,2791,0,0,455,556,0,0,603,0,0,698,583,349,0,148,0,0,866,0,0
2021-11-07,58,0,1149,3231,0,0,789,0,0,0,0,3715,0,0,0,0,926,0,727,0,0,123,0,0,0,0,3672,0,0,0,607,405,0,0,0,0,4363,0,0,266,291,0,0,196,0,0,0,292,0,0,186,0,53,1038,0,0
2021-11-08,5105,7302,16581,2657,4326,5529,2405,1512,3972,2116,1927,5754,756,107,1993,4165,852,7510,555,1876,0,97,4848,2248,4231,1795,3254,1964,251,1822,1025,234,3386,941,0,810,3122,10065,401,141,236,560,3344,160,672,1339,0,223,841,899,68,28,49,407,0,0
2021-11-09,1536,2246,4339,3118,1539,4048,5709,1238,1560,1104,1775,4211,340,3130,390,2221,1464,2505,448,795,3398,75,1971,1715,7165,265,4021,396,44,123,1438,169,1448,309,3241,474,4952,0,871,614,68,360,1135,782,297,372,938,995,764,1118,94,0,64,259,0,0
2021-11-10,2090,4974,4737,3794,1948,4005,2364,958,1533,1015,1446,5039,311,1193,762,2192,1638,3734,844,657,2004,128,2809,1827,5265,420,6936,493,65,2782,1850,194,1407,533,2826,495,5527,9354,555,675,277,299,1336,643,411,452,882,178,725,747,117,26,61,857,0,0
2021-11-11,0,48,6491,3624,0,4305,5882,1257,0,0,0,6683,0,0,0,165,1823,3744,986,0,0,128,6883,63,5118,0,5293,0,0,0,124,611,1588,540,0,0,4994,0,0,673,316,0,0,624,0,0,754,686,0,0,138,0,27,1033,0,0
2021-11-12,3796,7969,3056,4447,3988,3698,3264,997,3846,1802,3674,6256,771,2494,2157,4063,1821,3399,909,1387,2535,126,2790,2662,4838,2042,5555,1763,212,2683,3010,509,1466,458,0,726,5379,17746,521,515,433,694,3521,402,785,867,0,722,86,1182,168,0,23,1138,0,0
2021-11-13,0,0,9039,3985,0,0,2809,0,0,0,1412,5095,0,0,0,0,1638,853,983,0,0,78,0,189,0,0,21226,0,0,0,1420,460,0,0,3090,0,4689,0,0,590,300,0,0,499,0,0,799,600,844,0,259,0,0,540,0,0
2021-11-14,85,0,935,3086,0,0,486,0,0,0,0,4196,0,0,0,0,1701,600,819,0,0,72,0,0,0,0,4752,0,0,0,740,311,0,0,0,0,3628,0,0,307,342,0,0,204,0,0,0,259,273,0,93,0,50,670,0,0
2021-11-15,4072,8920,7623,2774,5846,7001,3403,1970,4502,1917,1992,7152,963,2341,2208,4286,1362,5984,717,1738,2612,93,5995,2811,5262,2781,3437,1894,252,1988,1230,223,3224,2179,0,942,3927,23116,745,151,274,806,3689,186,620,1080,0,258,672,784,67,41,29,486,0,0
2021-11-16,2155,3050,4901,3240,2183,4765,5082,868,1238,775,1552,5061,557,1279,818,1787,1739,3004,702,919,1334,58,2808,1680,10904,345,5778,443,84,170,1530,189,1210,544,2974,470,5639,0,904,814,144,442,1023,774,310,349,946,542,663,1033,9,0,41,604,52,1
2021-11-17,2246,4920,4931,3459,2989,4214,4088,1067,2129,976,1548,6028,477,1219,1066,2257,1948,3857,791,730,1628,133,3418,2103,3444,717,6024,623,86,2969,1835,243,2532,838,3223,625,6382,17886,482,828,381,225,1523,626,245,439,1042,496,650,594,152,10,32,970,13,0
2021-11-18,1898,5801,6627,4184,3590,4407,4283,1199,1791,1148,2053,8115,545,1294,1109,2467,2473,4717,1080,711,1735,216,3925,1939,4820,1056,6637,785,96,160,9548,529,1895,747,0,458,6615,0,486,907,422,380,1788,642,425,520,933,492,554,728,134,47,25,1114,23,0
2021-11-19,1579,5653,6090,5070,2844,4078,3970,1088,1766,1072,1334,7592,588,1376,986,2365,2239,2836,1082,657,1592,198,3733,957,5148,970,7604,934,139,2745,1683,464,1762,860,0,481,6429,20456,415,732,470,426,1836,470,235,520,944,473,630,483,191,12,21,1363,7,0
2021-11-20,10,0,1853,5103,0,0,1466,0,0,0,1580,5556,0,0,0,0,2199,0,1017,0,0,212,0,108,0,0,6424,0,0,39,1283,447,0,0,3876,0,5590,0,0,674,480,0,0,487,0,0,848,680,272,0,225,0,0,635,0,0
2021-11-21,25,0,1049,3629,0,0,782,0,0,0,0,8805,0,0,0,0,1602,2103,1006,0,0,96,0,0,0,0,5417,0,0,0,656,480,0,0,0,0,3797,0,0,304,339,0,0,148,0,0,0,272,0,0,108,0,8,720,26,0
2021-11-22,3814,11193,11384,3249,7141,7622,4108,1785,3829,1728,1656,5316,1144,2341,3121,5428,1543,6090,832,1767,2875,92,7926,3660,4714,2689,5604,2326,319,2380,1791,233,4110,2060,0,711,4370,18727,415,270,240,1187,3642,221,484,740,2,253,632,491,49,27,0,557,10,0
2021-11-23,1178,4629,4541,3057,3111,5020,3958,1211,1153,844,1605,5619,604,1345,645,1368,2640,1968,740,661,1486,51,3139,1939,11451,386,5186,434,86,42,2095,196,1586,754,3270,673,6143,0,931,690,251,265,1164,667,249,144,1089,619,635,682,7,14,48,502,0,0
2021-11-24,1078,5348,4168,4064,3422,4960,5702,926,1806,851,1523,7013,426,1093,1132,1881,2208,3758,905,713,1634,104,3984,2161,3731,545,7569,562,77,2971,2196,315,1535,841,3411,337,6751,20017,571,694,288,432,1409,469,213,487,993,416,571,492,96,10,20,883,130,0
2021-11-25,0,0,2,3349,0,4206,329,0,0,0,0,6762,0,0,0,422,2851,2115,0,0,0,76,0,107,0,0,5950,0,0,0,0,0,1781,0,0,0,0,0,0,579,491,0,0,708,0,0,548,398,0,0,137,0,0,0,45,0
2021-11-26,0,0,1990,3322,5298,753,40,0,2416,0,0,8200,0,0,0,0,2144,1309,0,0,0,19,0,0,4130,0,6122,725,0,0,273,0,1267,1900,0,0,9143,0,0,303,510,0,0,174,0,625,0,0,392,328,104,0,18,0,20,0
2021-11-27,0,0,618,3655,0,0,37,0,0,0,0,3247,0,0,0,0,1990,389,2803,0,0,132,0,0,0,0,5143,0,0,0,655,0,0,0,0,0,4222,0,0,507,242,0,0,369,0,0,0,357,238,0,75,0,0,0,0,0
2021-11-28,0,0,574,2274,0,0,0,0,0,0,667,4506,0,0,0,0,1869,916,838,0,0,149,0,0,0,0,4159,0,0,0,169,0,0,0,2540,0,4245,0,0,374,263,0,0,209,0,0,0,157,0,0,39,0,8,0,0,0
2021-11-29,4727,18990,17211,1961,5790,6581,8455,3026,2480,2581,4789,8156,2414,3636,4576,8154,2241,4787,762,1969,4148,70,12649,5504,4510,3820,5252,2162,347,4048,5404,1681,3470,2312,0,1254,5731,27734,575,207,234,990,4987,151,560,720,259,176,448,421,63,18,16,3105,0,0
2021-11-30,1388,5694,4955,2971,3602,5865,6107,1444,1195,1033,1632,6644,788,1389,957,2033,3251,2613,1244,898,2147,75,4060,2359,12631,887,5766,488,55,140,2782,213,1907,907,2600,589,6745,0,1341,1044,286,549,1125,841,265,168,914,477,635,591,15,3,20,780,186,0
2021-12-01,1345,6165,4823,3163,5303,5368,4385,1384,2297,1098,2096,9320,978,1753,1339,961,3188,2356,1142,843,2108,88,6008,3315,3572,585,7606,863,135,4203,3166,496,2413,1093,4602,943,8944,19860,936,930,572,468,1825,682,186,324,938,536,716,580,157,3,0,1155,0,5
2021-12-02,3432,11638,9488,4012,5679,6287,4316,1305,1981,1035,2125,11331,973,1594,1378,3764,4462,4044,1828,932,2405,120,5550,2756,5307,1620,9143,1127,126,163,3702,624,2472,1627,0,473,9131,0,615,1226,651,569,2046,589,285,344,847,767,594,333,184,11,28,1466,207,0
2021-12-03,1848,7453,7755,5236,5765,5196,4178,1418,1875,1337,1983,11242,1144,1323,1613,3726,4463,2683,1700,734,2143,118,5603,2830,5682,1288,10127,1411,257,4667,720,495,2598,863,0,479,9584,22319,512,1174,736,296,2385,523,252,317,795,595,28,311,162,5,12,1244,42,0
2021-12-04,0,0,2290,6043,0,0,1920,0,0,0,2000,7642,0,0,0,0,4414,0,1866,0,0,117,0,111,0,0,9264,0,0,0,4161,566,0,0,4563,0,7793,0,0,805,773,0,0,451,0,0,876,478,687,0,156,0,0,1168,0,0
2021-12-05,34,0,1636,3820,0,0,964,0,0,0,0,7830,0,0,0,0,3496,738,0,0,0,127,0,0,0,0,6091,0,0,98,1284,694,0,0,0,0,5334,0,0,383,532,0,0,163,0,0,0,361,0,0,146,0,9,833,0,0
2021-12-06,3170,18831,17481,3022,11619,0,3985,2078,3458,1932,2714,11529,2091,3080,3645,8514,2989,4394,0,1604,4119,83,12390,4948,6094,4338,3967,3235,566,3223,3625,242,6456,5481,0,832,4922,17780,492,302,433,982,3791,110,387,550,0,281,445,354,72,19,22,689,78,0
2021-12-07,2023,6891,6197,3015,4506,335,4979,1437,1122,920,1675,8537,1087,1329,861,2178,3950,3380,0,706,1996,51,4180,2748,12420,975,7912,672,138,93,2539,300,2242,1919,4115,560,7876,0,1026,932,288,652,961,564,169,0,980,630,696,418,13,20,13,771,0,0
2021-12-08,1053,6755,6096,3506,5920,14313,4202,1207,1423,841,1886,9251,693,2417,1458,3277,4258,2291,0,736,2132,72,5252,2832,3045,1157,8723,825,128,4430,3591,404,2850,789,3695,732,8707,18605,627,860,576,787,1441,470,183,440,1275,687,651,273,157,13,0,1053,0,0
2021-12-09,1946,9787,7661,3663,6034,5168,3591,1190,1397,1099,2305,11680,1468,1390,1551,4157,5617,2635,0,1211,0,140,5488,2638,3742,1453,6918,1195,198,21,3439,486,3074,2679,0,455,8500,0,384,918,849,745,1619,388,180,0,1460,549,488,264,165,6,0,1182,332,0
2021-12-10,1250,7403,6580,3924,5666,6667,17611,1096,1332,827,2420,11314,1078,1989,1367,3656,5463,2302,0,675,4518,157,5277,2701,4547,3003,11628,1428,242,3742,3572,736,2848,3280,3371,567,7359,13775,448,1093,799,445,1436,369,131,443,2149,592,370,175,158,0,20,1063,0,0
2021-12-11,0,0,1809,3774,0,0,3783,0,0,0,2590,7872,0,0,0,0,4596,0,0,0,0,183,0,0,0,0,11052,0,0,0,1958,260,0,0,483,0,8072,0,0,747,725,0,10,398,0,0,1015,713,171,0,0,0,0,1134,0,0
2021-12-12,24,91,1471,3231,0,0,1822,0,0,0,0,7284,0,0,0,0,3842,359,0,0,0,209,0,0,0,0,8391,0,0,0,1379,532,0,0,0,0,4972,0,0,218,644,0,0,149,0,0,0,330,0,0,134,0,0,880,394,0
2021-12-13,3404,19426,14852,2391,11672,9434,4668,1534,2670,1376,3865,15069,2433,3095,3643,8779,3279,3973,0,1680,3709,147,11384,4301,3646,2373,5395,3129,0,3251,2200,235,6625,7893,0,1171,5618,17653,335,275,591,736,2460,124,215,404,0,294,494,186,0,24,0,772,0,0
2021-12-14,1019,6974,5682,2168,4685,5063,5526,1221,924,872,3067,8931,1246,1730,868,2048,4397,1600,0,853,1788,207,4001,2517,9025,621,7441,732,838,102,2840,233,2416,2999,3355,590,9922,0,717,782,291,408,737,549,156,0,1383,1655,405,201,183,0,0,781,110,0
2021-12-15,1562,10001,5365,3249,5763,5125,5543,1022,1307,893,4127,12383,1403,2553,1271,3749,4989,1913,0,686,2106,278,4677,2917,2217,239,7301,816,327,4033,3223,344,3135,1723,3765,846,10588,14374,444,1027,681,575,1349,435,126,396,1504,647,452,289,134,0,45,1260,99,0
2021-12-16,2011,12288,8252,2911,6691,5671,5859,935,1105,900,6381,17520,1199,2376,1422,4170,7223,2074,0,837,2205,384,5467,2300,3780,0,7689,1126,508,189,4536,672,3688,2085,0,1025,11803,0,513,805,690,710,1293,415,119,0,1286,816,380,163,471,0,9,1279,88,0
2021-12-17,1976,10660,8729,3686,7070,4819,6289,776,1016,1063,8785,20563,1197,2732,1396,3985,7397,1760,0,1148,2412,778,5145,2760,3836,1327,8629,1327,844,4216,3370,476,3457,1443,0,1101,10025,14431,398,1111,1071,911,1170,328,106,407,1150,908,389,201,1059,28,0,1168,116,0
2021-12-18,0,0,3701,3467,0,0,6775,0,0,0,8709,10319,0,0,0,94,7644,446,0,0,0,698,0,0,0,0,8831,0,0,0,3036,438,0,0,3622,0,10134,0,0,816,831,0,3,165,0,0,1080,692,155,0,1755,0,0,1198,54,0
2021-12-19,0,0,3502,2745,0,0,6536,0,0,0,0,28260,0,0,0,0,7345,675,0,0,0,958,0,0,0,0,7231,0,0,0,1499,448,0,0,0,0,7639,0,0,406,698,0,0,274,0,0,1,552,0,0,2747,0,15,901,47,0
2021-12-20,5285,31043,19084,2176,14212,7366,10569,1427,2502,1861,18404,20439,3962,8748,3622,10236,7095,3623,28541,2115,5551,835,10901,5249,3381,3330,4255,3928,3763,2561,2560,240,10308,6209,0,2936,8082,15186,366,434,671,1434,3104,110,178,418,0,552,527,163,2434,41,18,780,84,1
2021-12-21,1964,10054,10880,2395,6447,5098,11203,1054,815,916,12915,26456,1015,5308,662,2900,8494,3114,6218,1270,2828,692,3713,2598,7383,564,9607,894,1155,112,3015,240,4437,6000,3322,1729,12502,0,762,955,528,740,710,443,144,0,1558,1254,422,243,849,0,0,820,74,0
2021-12-22,1991,16553,12393,2806,8602,5726,11196,1269,1407,1163,20194,28460,1811,7510,1304,5196,11906,3542,4072,1165,3518,955,4781,2877,2804,1482,9838,1330,1524,5030,3924,651,5972,3366,3604,2205,12864,16112,466,897,673,873,905,383,156,222,1462,1460,357,253,3166,82,24,1149,61,0
2021-12-23,5340,18670,20063,3222,9791,6124,12248,900,1289,1333,32869,33855,1687,9877,1343,0,18122,2442,6869,1443,5780,1489,0,54,3383,1917,10548,2215,1904,26,5417,439,6473,3416,0,2835,15989,0,428,1314,1138,0,1140,414,180,0,1115,2060,486,252,5712,0,13,1495,96,0
2021-12-24,0,0,20338,3808,10997,4950,39,0,0,0,31683,32591,0,9306,0,0,18941,4758,0,0,0,1808,0,0,0,1011,13286,0,0,19,4,0,8756,0,0,0,14414,0,0,1719,1378,0,0,409,0,0,1244,2466,0,0,0,0,0,0,0,0
2021-12-25,0,0,0,3495,0,0,0,0,0,0,0,0,0,0,0,0,19481,1217,0,0,0,1568,0,283,0,0,9856,0,0,0,0,0,0,0,0,0,0,0,0,1024,1554,0,0,167,0,0,0,2449,0,0,17254,0,0,0,0,0
2021-12-26,0,0,20794,344,0,0,0,0,0,0,0,86162,0,0,0,0,14159,1427,25035,0,0,2177,0,384,0,0,6839,0,0,0,2238,0,0,0,0,0,20917,0,0,422,1264,0,0,69,0,0,0,863,0,0,6620,0,0,0,0,0
2021-12-27,18785,55598,16668,7641,13791,5552,53547,0,4608,3575,71957,30441,0,24911,4483,0,9732,9472,5376,4099,14544,1360,20380,8822,4137,3380,11079,0,9200,6420,8171,1470,18513,14654,4042,12164,8092,34930,509,981,431,7058,3014,117,382,876,10,1679,991,379,1362,450,31,3450,226,0
2021-12-28,4465,21551,49384,1976,10350,6995,15411,3635,1816,1880,29059,48836,6757,12225,534,32389,15234,4737,6576,1805,6151,812,5710,4869,9864,2443,13943,0,1868,25,5738,408,7439,5753,2473,4313,15403,0,1265,2414,566,2698,798,421,293,0,1423,3705,1019,250,1716,264,0,1053,0,0
2021-12-29,5039,20969,30162,3411,16165,7814,15536,1710,3304,2313,46923,60359,3193,17875,1652,9101,26473,8616,10874,2781,9597,1554,7917,5650,5210,765,16730,15621,1412,7363,6800,933,12112,7520,5031,9378,20320,29042,944,3743,1085,3594,1370,641,325,985,1325,5975,724,784,8203,0,43,1976,122,0
2021-12-30,6857,30136,49354,5687,22086,8727,20069,1831,3563,2930,77848,71078,3918,23251,2011,17588,35175,9036,14316,3217,13537,3425,11937,1195,6783,4166,19127,6064,2241,173,8403,1371,13500,7704,0,12467,19774,0,809,4978,1954,4885,2212,772,396,0,1091,8256,922,490,14331,578,65,2648,123,0
2021-12-31,0,0,57646,7721,22703,8010,505,0,0,0,76392,78804,0,22136,0,18652,33724,9287,0,0,0,3226,0,2336,0,3974,21057,9061,0,0,839,0,17618,0,0,0,20598,0,0,3957,3503,0,0,796,0,0,1107,8051,0,0,14776,0,41,0,47,0
2022-01-01,0,0,0,8220,0,0,3882,0,0,0,0,81077,0,0,0,0,32391,0,0,0,0,2707,0,1442,0,0,23189,0,0,0,0,0,0,0,0,0,0,0,0,4155,3514,0,0,451,0,0,0,0,0,0,0,0,0,0,32,0
2022-01-02,0,0,44710,701,0,0,2843,0,0,0,0,62542,0,0,0,0,26452,3165,36648,0,0,3117,0,853,0,0,17611,0,0,0,5921,0,0,0,0,0,37626,0,0,2181,3116,0,0,116,0,0,0,12927,0,0,26098,0,0,0,10,0
2022-01-03,30851,89157,46362,14192,33090,11693,164902,6135,14754,9668,0,60453,0,0,5082,47202,21743,22793,14251,13163,39300,2930,31436,18168,6774,7913,23795,0,9201,14478,20156,2779,42185,23678,0,31161,18942,64805,779,1750,2386,17525,7437,358,1005,2889,0,4062,1420,985,4711,1235,0,9164,37,0
2022-01-04,7964,24426,141752,7212,18845,9929,53990,2468,4655,4522,193786,51289,16228,62186,1148,10763,29614,8298,14494,2902,8756,1500,8306,6592,16184,4110,21967,35951,2006,152,7705,1731,15456,10602,11885,9290,20411,40,3047,6562,2267,4840,1636,1229,746,0,1481,7572,1722,968,1886,424,0,2353,58,0
2022-01-05,11248,32209,59311,7749,30805,13760,47796,2663,7248,6195,59487,75149,5868,22445,3176,19919,37285,7918,10286,3702,0,2555,12894,9880,4140,3914,27300,7164,1326,14997,13298,805,10728,10344,8910,10403,19750,32885,2254,7488,1319,6592,2513,1483,709,0,1326,11075,1451,1109,7763,0,481,2928,61,0
2022-01-06,16198,43984,84896,10679,27411,14685,45676,3533,8913,7619,66611,80378,6918,13159,3879,23622,32264,8739,12736,2679,15401,4700,15211,11469,6926,6280,29026,16821,1293,247,13448,2180,15840,8823,0,14077,19442,0,2183,7787,2632,7079,3232,1349,995,1037,1302,12626,1760,1192,14560,446,263,4947,65,0
2022-01-07,16306,42838,110612,14888,29163,15333,53772,2872,9468,10433,76887,82094,5956,28856,2620,25587,38461,10234,11778,5265,17684,3520,14735,9705,7829,6438,27587,12996,1928,16027,12223,1860,18309,10076,0,14802,19563,46706,1944,8434,2907,6774,4252,1485,764,4199,1328,12972,1327,1154,12799,0,243,4134,43,0
2022-01-08,0,0,34396,16504,0,0,49172,0,0,0,69914,90132,0,0,0,305,32700,2556,12947,0,19593,4148,0,2599,0,0,33650,0,0,0,11401,2619,0,0,11704,0,18310,0,0,8171,3729,0,0,930,0,0,1203,8332,387,0,6617,0,0,4184,37,0
2022-01-09,0,0,45631,15850,0,0,40304,0,0,0,0,79777,0,0,0,0,28514,2397,17253,0,0,4509,0,1924,0,0,24683,0,0,0,6660,252,0,0,0,0,19089,0,0,0,3404,0,0,962,0,0,0,12452,0,0,8539,978,0,2108,49,0
2022-01-10,46435,77478,227972,13937,64715,33402,47856,7713,24147,18503,125996,57884,13765,49835,9027,73688,23056,42452,9683,17950,0,3827,37388,14166,10963,27058,29857,45974,6238,13615,10249,0,57703,31405,0,29019,18042,49011,1683,9055,2700,16484,9250,475,1662,3254,0,6250,1514,1987,6880,467,0,2289,18,0
2022-01-11,14258,27895,136412,14160,20965,15039,56588,4237,9825,7999,47709,49410,5076,24117,2533,17625,25409,23363,9693,5417,34188,2911,11813,8992,29466,5011,25998,8377,1308,704,12307,0,16681,6751,11061,12494,19611,0,4110,7756,2097,5737,2932,1600,1235,0,1779,8536,2316,1592,1946,348,0,2508,33,0
2022-01-12,17291,34790,109162,18783,24296,18381,73895,3776,10220,8743,71742,54911,5727,18425,3241,24369,23275,14203,11035,6270,13462,3460,15013,11494,10704,5507,29941,12178,1216,21865,13452,5314,19836,7318,12240,17592,20093,35706,2708,10974,3556,8204,6912,2915,989,4509,1377,11204,2828,1805,9582,0,0,4440,53,0
2022-01-13,17154,36880,159736,18573,21709,17235,72204,5041,12990,9786,54994,62049,5670,22738,4135,36765,23672,15100,10589,7382,12882,3351,16464,9954,11499,10502,26224,18044,1525,469,15792,2007,18942,9604,0,14932,19262,0,2584,12990,4493,8356,5529,2616,1243,0,1555,0,2357,1836,11452,448,1885,5457,51,0
2022-01-14,15842,29663,115913,20257,14670,27492,121020,7220,11128,8660,59061,47352,5805,19188,2390,34347,23109,13490,9988,6858,16397,3028,15858,12396,11549,11315,25801,20300,1544,18589,10253,2317,17219,8783,0,14158,41455,43263,2641,10405,3325,9300,5203,2095,1482,5456,1411,0,3256,2180,13209,120,438,5061,66,0
2022-01-15,0,0,41927,24962,0,0,63244,0,0,0,49339,47870,0,0,0,1391,16859,0,9882,0,21308,5927,0,1019,0,0,22403,0,0,0,17218,1793,0,0,14109,0,50299,0,0,11596,3283,0,0,2239,0,0,1359,0,1165,0,8775,0,0,5223,37,0
2022-01-16,0,0,45104,21637,0,0,50151,0,0,0,0,51264,0,0,0,0,15445,4544,7870,0,0,3856,0,5126,0,0,33266,0,0,0,27,2564,0,0,0,0,26117,0,0,5386,2500,0,0,1067,0,0,0,51856,0,0,5469,0,401,4157,0,0
2022-01-17,0,0,221235,12066,0,83187,68268,8112,0,0,0,26772,11591,34021,0,0,9078,24407,6538,0,0,4637,36586,1865,0,42157,15744,0,0,6,1,0,45738,15844,0,0,19538,0,0,3600,2165,0,0,754,0,0,0,8058,0,0,5842,239,263,3673,66,0
2022-01-18,63640,93423,74284,23836,60994,19768,53953,4963,39883,28024,111621,22312,3644,11787,14683,121315,11122,11684,3215,23728,46763,6180,11832,33350,10642,3853,16463,72445,3836,1311,26332,1530,10248,4264,11736,29125,15147,335,2265,3213,1117,22456,21253,2915,4085,0,538,6728,3897,4034,498,141,0,1949,43,0
2022-01-19,13854,26430,109330,20497,16121,14554,56047,5499,12564,8527,43179,23375,3273,26348,860,19471,10914,8589,4041,5185,8427,3898,16213,13021,44616,10001,15673,11162,480,37991,14908,1294,12480,4745,12559,11501,20413,98299,6483,14494,1256,8460,5728,3120,1592,10181,1545,17106,4220,2008,4305,0,1452,3606,53,7
2022-01-20,17319,23370,162854,17724,16385,18333,46415,5315,11608,10018,45668,30631,3617,21389,3274,25753,12074,16052,8897,6175,16509,5811,16370,13105,11425,13406,17354,12900,488,0,16276,0,14803,4805,0,12831,21664,0,2588,11160,1711,8329,5967,3005,1350,0,1384,15986,3447,2065,4354,127,724,5453,52,0
2022-01-21,16552,40752,134562,18034,16203,12753,66246,5252,11602,10932,38614,28296,2875,18172,3078,36579,11883,13180,4736,6648,22106,4403,17682,15641,11805,13939,18860,16078,525,20789,15351,2923,17027,4444,0,9942,19697,41175,2183,13073,2179,7509,6047,2663,1874,6478,1367,16525,3756,2017,4926,0,0,5335,47,0
2022-01-22,0,0,39156,27681,0,0,63017,0,0,0,22818,27643,0,0,0,0,8924,0,4846,0,21664,3900,0,2983,0,13571,17351,0,0,0,8938,1579,0,0,12658,0,15677,0,0,8118,2479,0,0,2478,0,0,1207,16506,1878,0,5865,0,0,6500,42,0
2022-01-23,0,0,27492,22922,0,0,58118,0,0,0,0,19539,0,0,0,0,9195,0,3679,0,0,3131,0,1356,0,0,12333,0,0,0,5899,1115,0,0,0,0,9932,0,0,3804,1678,0,0,562,0,0,1,9807,0,0,3714,0,0,5256,38,0
2022-01-24,48023,64641,215830,14750,27033,24205,38924,8367,21972,19378,44010,12666,5852,39062,7347,82054,4844,26984,2694,15838,0,2627,35593,25037,12710,20150,9331,0,1350,14281,10072,542,29581,12057,0,16363,9774,44069,1887,3243,1188,12711,14682,0,2504,5632,0,5955,3073,5085,2229,450,2112,3378,19,0
2022-01-25,6822,13824,80672,13972,8631,7139,45056,4187,6602,6902,35266,15868,1620,15968,860,18482,5722,7263,2400,3612,44713,1855,9731,13293,35491,8810,11529,0,189,185,9385,441,10699,3824,11551,8063,4163,0,2829,7943,957,4909,3331,3419,1588,0,1575,0,3516,2889,297,43,0,2748,79,0
2022-01-26,46129,15723,70486,18229,8955,8605,30734,3339,7493,8191,37661,15648,3078,16877,1800,20205,7127,7630,2901,4976,15985,2021,4961,14454,15565,8160,12079,62740,369,14097,10232,529,11126,2795,9452,60797,20752,35213,1508,6561,878,6596,4115,2355,1629,5474,1524,0,4066,2818,3932,168,1609,4003,96,0
2022-01-27,6481,14726,117445,14293,9697,9312,34796,3615,7033,7858,27533,17164,1912,19849,2263,27526,6724,7747,3256,4764,16072,2320,12205,13128,14627,13428,16695,9934,371,200,10130,1532,11743,3036,0,7573,12108,0,1358,6016,1528,6535,5182,2146,2039,0,1526,0,3781,3191,1727,67,743,5205,124,0
2022-01-28,29530,15523,75826,15610,8149,8064,38682,2794,6165,7432,30606,14075,1836,18451,2429,21115,10118,9347,3011,4393,14108,1848,17095,14677,14548,8655,14946,16732,338,12782,9136,913,10741,2684,0,7312,9440,31543,1145,5660,1307,5533,5269,2065,1397,5878,1428,0,3516,2860,3404,46,817,4668,128,0
2022-01-29,0,0,21692,15506,0,0,44150,0,0,0,22705,12533,0,0,0,0,5379,0,2392,0,17692,1832,0,1748,0,0,12167,0,0,0,7559,483,0,0,8922,0,8609,0,0,0,922,0,0,1623,0,0,1273,53159,1709,0,1339,0,0,3317,80,0
2022-01-30,0,0,17162,13473,0,0,26235,0,0,0,0,5731,0,0,0,0,2177,4678,1941,0,0,2683,0,1019,0,0,7340,0,0,0,2642,611,0,0,0,0,5224,0,0,0,679,0,0,714,0,0,0,6490,0,0,1615,0,766,2855,23,0
2022-01-31,41201,23900,124284,12259,13143,13096,26529,3968,10272,13223,34204,9678,2372,20794,4364,47719,2073,13479,1068,8810,0,1481,19373,17456,12088,23798,4894,29903,1071,7751,5506,312,20047,3330,0,10082,4160,23283,1030,8698,473,9752,9574,358,1979,4526,0,5459,2598,3371,878,68,527,1710,0,0
2022-02-01,463,8712,35250,7567,3048,4240,35521,2130,2846,4947,20071,6468,1062,7890,499,9313,3449,3732,1499,2138,27938,1054,5669,7188,21337,2435,5685,4247,61,125,5123,365,6055,1240,7415,4729,6498,0,1756,4637,336,4249,1765,1741,800,0,1534,5639,2170,960,140,33,0,2151,485,0
2022-02-02,15439,9427,36441,8330,5626,5447,26051,1688,3609,5150,16883,8328,995,7815,1336,12443,3993,3911,1349,2132,4413,1109,6914,9235,3910,4588,7305,5385,144,8938,9256,732,6678,1786,2886,4873,8601,24504,769,4614,463,5940,2602,1237,1077,4124,1340,5404,2333,1434,1563,0,1457,2988,34,0
2022-02-03,3533,0,78520,7794,5436,5208,27945,1551,3483,5416,17612,10306,1205,7789,1151,15049,3909,4796,2074,1939,12264,1483,6626,8241,5448,4253,7246,5625,191,54,4730,605,7139,2445,2323,5360,5737,0,733,4213,806,6416,3150,1342,744,0,1402,0,2479,1053,1806,60,0,3291,261,0
2022-02-04,9829,18668,42435,9077,4758,3954,22174,1098,2808,4954,20095,7716,860,8634,1458,12293,3023,4879,1604,2104,11275,1164,4320,6929,6610,4742,7091,6657,259,4812,2859,516,6500,1269,0,7201,4004,12077,569,1507,595,7839,2097,1184,716,3806,1414,11196,2429,4341,1533,25,0,2911,112,0
2022-02-05,174,0,9952,8243,0,0,20191,0,0,0,19138,4668,0,0,0,0,2961,0,1628,0,21742,1216,0,658,0,2614,8434,0,0,0,2542,0,0,0,4788,0,2810,0,0,1631,445,0,0,892,0,0,1095,1924,1338,0,745,0,0,3734,204,0
2022-02-06,8,0,6943,6379,0,0,18058,0,0,0,0,8484,0,0,0,0,1824,648,1124,0,0,898,0,356,0,0,2794,0,0,0,1691,0,0,0,0,0,2070,0,0,981,436,0,0,3,0,0,0,0,0,0,1733,0,2325,1511,211,0
2022-02-07,15514,13984,37387,4416,7066,7274,16127,1662,5508,7907,51356,4028,1598,11620,2880,24174,1139,6426,772,2831,0,810,5054,7119,5826,2237,7855,14606,627,4026,3039,788,12226,2138,0,7307,2594,11100,594,729,275,16595,4667,702,880,3043,0,3456,2000,1893,262,0,499,1273,230,0
2022-02-08,890,5789,43552,3790,2128,2536,15116,1254,1342,3236,19306,4189,581,4236,387,4522,1904,2826,738,1706,14326,521,3147,6219,10395,986,0,2380,87,123,3255,201,4689,1343,3453,2583,4385,0,545,2965,202,2065,1401,973,437,0,1391,4507,2316,1288,55,57,844,1495,231,0
2022-02-09,8219,4805,51620,5402,3240,3115,15252,684,2064,3297,12921,5971,635,5286,1296,10831,2329,3019,751,1574,5270,470,0,5846,3823,1711,5336,3950,127,4420,4492,487,4738,1048,2269,2423,4271,10775,667,2337,399,2322,1801,882,644,2236,1098,3649,2566,1023,471,0,0,2266,221,0
2022-02-10,3370,5542,13791,7379,2913,2939,16888,655,1937,3140,9881,7435,619,4893,1157,8859,3192,2482,1100,974,6337,1164,6443,5894,4463,2678,4629,3198,244,0,6648,411,4727,1026,1281,2717,4176,0,354,1825,499,1661,1822,815,403,0,1115,2713,2363,1091,1069,0,0,2416,226,39
2022-02-11,15950,166,23556,2781,2847,2370,14569,613,1792,2577,9790,4820,510,4162,1171,7466,2578,2710,731,1026,6064,695,2791,4796,4846,2230,4118,0,192,269,627,392,4275,1189,0,2993,3263,8000,325,1947,443,2212,1124,667,375,1861,1159,2835,1757,1192,726,126,1839,2121,189,0
2022-02-12,0,0,4660,4284,0,0,10907,0,0,0,8915,2858,0,0,0,0,1893,584,941,0,5717,690,0,517,0,1458,4818,0,0,0,196,0,0,0,2863,0,2032,0,0,1931,282,0,0,470,0,0,1924,2438,1079,0,567,0,0,1784,154,0
2022-02-13,0,0,4854,4397,0,0,7636,0,0,0,0,5341,0,0,0,0,1161,0,718,0,0,504,0,865,0,0,2407,0,0,0,0,0,0,0,0,0,1490,0,0,801,242,0,0,200,0,0,0,1054,0,0,680,0,690,1348,0,0
2022-02-14,971,14226,33998,2685,4173,4137,8077,413,3128,4741,9333,2597,950,6101,0,15003,1074,4547,425,1864,0,483,4063,14267,4330,2283,1994,11479,475,5079,6878,662,8049,1524,0,3039,1312,6293,283,834,214,4719,3107,123,514,1027,0,724,1506,1224,193,11,295,897,0,0
2022-02-15,140,2848,12333,1740,1684,1614,11596,644,774,1611,6018,2290,254,2799,2892,2875,1572,1602,444,454,8694,288,1469,3919,6433,378,2481,1177,44,0,1934,162,2993,1284,2082,1557,2121,0,433,1685,133,1253,664,449,240,0,10968,2136,2179,855,0,47,0,978,393,0
2022-02-16,324,3402,14702,2177,1899,1781,8108,226,1392,1714,6458,3099,329,3074,457,6094,2494,1808,23402,724,4317,194,1430,5454,1460,1047,2578,1658,120,2401,1997,378,3030,1828,1637,1396,2433,6325,251,1124,202,1062,1072,426,328,1665,3556,1975,2311,988,802,0,611,1279,181,0
2022-02-17,845,2589,8752,2781,2663,1822,9396,245,1034,1845,6336,3718,399,2420,647,5677,2742,2977,752,323,3859,610,1468,4764,1825,1614,3718,2176,128,76,2303,246,3090,544,488,1872,1999,0,392,1149,358,587,989,394,187,0,3784,2108,2029,868,547,26,0,1478,226,0
2022-02-18,0,3200,15187,3054,2131,1529,11569,412,999,1542,5325,4868,269,2868,1510,4955,2307,1719,854,658,3829,471,1514,4543,2223,1119,2902,2080,110,1410,956,262,2846,1263,0,1202,2129,0,877,1279,278,1190,974,286,232,1136,3754,1440,2209,1081,377,0,0,1126,158,0
2022-02-19,0,0,3219,2739,0,0,7874,0,0,0,5441,2086,0,0,0,0,1297,0,866,0,3565,352,0,1156,0,0,4277,0,0,0,238,0,0,0,1757,0,1599,0,0,977,227,0,1,231,0,0,4011,1153,1138,0,563,0,1333,0,111,0
2022-02-20,0,0,2630,2043,0,0,1577,0,0,0,0,1641,0,0,0,0,1403,0,1089,0,0,310,0,236,0,0,1393,0,0,0,0,0,0,0,0,0,899,5769,0,803,150,0,0,113,0,0,4597,484,0,0,488,0,320,0,222,0
2022-02-21,0,87,1323,2,0,2402,4774,300,0,0,0,3793,572,3827,0,9693,721,2669,0,0,0,199,2537,4947,0,0,0,0,0,971,1,0,5938,1291,0,2029,851,0,0,571,114,0,1540,58,0,0,430,392,0,0,181,0,274,3105,67,0
2022-02-22,1942,6194,28088,2738,4380,925,6614,264,2070,3372,9643,1623,200,1261,0,2400,1202,2174,753,1056,4886,149,916,3136,1992,2648,2600,6330,369,32,3423,640,2173,338,1295,1574,1369,0,155,869,77,1868,315,184,467,0,2609,639,2357,1634,35,0,393,575,171,0
2022-02-23,2803,2723,8267,1236,1036,1072,5410,325,614,1156,3931,2199,197,2041,2004,3560,1167,2258,341,283,1241,116,919,2664,3929,1010,3022,1023,48,1446,1246,265,2239,540,878,961,1323,7295,425,1059,98,542,532,187,113,1795,1519,1232,2310,846,164,0,0,708,226,0
2022-02-24,468,2014,14213,1801,1620,909,6292,32,628,856,3401,2665,280,2117,1169,3744,1750,1029,661,1031,2639,278,966,494,1020,1383,1862,1085,100,2,1322,210,1816,458,354,941,1321,0,113,571,822,541,620,273,135,0,1123,1225,2411,759,384,86,0,1240,157,15
2022-02-25,3072,2124,13326,1773,1352,775,8054,47,425,924,2942,2409,215,1519,859,4893,1428,1402,672,1672,2234,294,740,3238,904,1161,1732,995,112,1292,1121,229,1659,423,0,668,1612,7492,133,323,130,577,453,203,112,919,1205,1257,2049,620,243,21,900,913,139,0
2022-02-26,0,0,2175,1638,0,0,4441,0,0,0,2738,1442,0,0,0,0,1116,0,947,0,1983,326,0,231,0,0,2369,0,0,0,68,0,0,0,792,0,1330,0,0,810,110,0,0,133,0,0,867,1169,0,0,397,0,0,0,130,12
2022-02-27,0,0,0,0,0,0,905,0,0,0,0,2655,0,0,0,0,1274,561,381,0,0,220,0,115,0,0,816,0,0,0,0,0,0,0,0,0,577,0,0,495,104,0,0,94,0,0,23,358,0,0,214,0,233,0,61,0
2022-02-28,5586,4515,16655,0,1698,1516,3961,21959,897,1668,3173,1266,416,2534,633,6186,757,2178,389,2379,0,141,1366,2490,1079,2106,879,2085,238,480,1523,341,3432,1012,0,0,729,2454,95,558,70,884,651,24,192,722,7,201,2525,781,159,36,229,1752,192,1
2022-03-01,179,1802,3327,0,1302,718,1230,162,277,720,2110,1276,170,1396,264,1182,1116,1052,355,265,2409,117,538,2527,2076,254,1057,271,59,5,769,0,1496,170,5224,0,1051,0,174,693,35,228,686,154,83,0,1182,786,1575,652,26,4,0,433,0,9
2022-03-02,3407,1593,5762,3879,1017,775,4010,198,464,674,1749,1676,341,1303,182,2202,1430,845,405,410,1869,139,446,2167,539,920,1171,379,55,942,705,364,1612,253,438,1469,1171,3108,76,559,97,448,430,147,93,570,909,1259,1740,884,186,8,0,498,132,41
2022-03-03,153,1222,10366,0,1166,582,4224,120,397,680,2183,2423,191,1136,185,2416,1278,1148,471,380,1673,292,510,2220,834,589,1299,524,0,5,855,178,1644,589,511,607,1196,0,89,481,142,370,388,151,72,0,1034,762,1439,836,315,2,668,656,66,19
2022-03-04,2488,1300,6476,0,990,536,3979,186,262,714,1969,767,156,1288,220,2693,1432,778,398,525,1249,216,563,2018,796,1113,1141,517,0,510,706,201,1097,432,0,332,918,2302,55,485,170,222,373,120,77,695,998,573,1564,2024,233,14,0,578,77,61
2022-03-05,0,0,1359,0,0,0,3924,0,0,0,1754,2559,0,0,0,0,1042,181,382,0,755,173,0,233,0,0,940,0,0,0,79,0,0,0,525,0,862,0,0,698,116,0,0,77,0,0,447,0,0,0,316,0,104,0,75,14
2022-03-06,37,0,163,0,0,0,518,0,0,0,0,2985,0,0,0,0,651,105,249,0,0,177,0,125,0,0,556,0,0,0,0,0,0,0,0,0,360,0,0,310,89,0,0,51,0,0,0,0,0,0,188,0,197,0,0,14
2022-03-07,2028,2729,10598,0,1852,1137,3516,287,542,1058,2457,1091,353,1823,438,4143,975,2655,223,519,0,87,1444,1798,883,0,778,996,0,309,975,300,2388,2709,0,535,431,1853,75,322,55,609,683,31,66,463,0,3710,1674,175,146,0,0,1085,0,48
2022-03-08,45,1058,3257,0,628,413,4929,91,103,352,1588,1033,130,926,98,993,1194,872,294,371,1337,63,356,327,1455,2001,1315,78,0,58,827,47,1087,1191,421,345,799,0,81,394,42,149,176,79,66,0,565,631,826,146,23,14,295,292,155,0
2022-03-09,2551,1625,4825,6549,787,570,5136,118,198,437,1513,1621,174,1251,124,1766,965,1159,277,570,576,122,467,290,571,0,841,304,408,529,533,197,1068,330,289,412,829,2151,71,543,71,163,341,92,71,1486,184,536,1052,128,182,4,163,377,55,52
2022-03-10,88,1408,6798,0,887,463,5811,117,190,418,1517,1754,207,1214,126,1739,1379,938,385,700,701,0,382,340,602,178,1108,366,0,4,624,111,1606,291,102,174,868,0,49,519,410,160,390,88,57,0,289,632,1025,126,267,5,123,376,42,39
2022-03-11,3113,1830,5165,0,752,497,8159,37,243,380,1378,2296,155,987,186,1915,1239,1121,346,548,605,0,293,340,557,486,882,537,137,376,456,186,1272,343,0,142,594,1924,50,665,176,271,263,82,58,654,253,545,871,51,210,107,120,469,53,0
2022-03-12,7,0,1557,0,0,0,3120,0,0,0,0,1004,0,0,0,0,577,257,370,0,415,0,0,132,0,527,823,0,0,0,0,0,0,0,419,0,499,0,0,548,92,0,0,64,0,0,282,0,0,0,179,0,0,0,0,51
2022-03-13,0,0,0,0,0,0,1111,0,0,0,0,2678,0,0,0,0,605,199,204,0,0,0,0,62,0,0,366,0,0,0,0,0,0,0,0,0,317,0,0,369,69,0,0,27,0,0,0,0,0,0,295,0,88,0,0,0
2022-03-14,2416,2318,8706,0,2020,695,1453,108,354,598,2704,1084,407,1331,326,3112,430,1086,146,0,0,0,602,7747,475,0,375,0,0,221,961,258,1681,809,0,537,0,1538,46,343,41,390,390,14,0,513,0,511,1172,132,39,0,80,664,93,122
2022-03-15,204,1541,1589,0,531,526,3216,77,94,401,1169,2498,220,1181,39,614,729,1125,258,22655,741,0,323,206,471,757,1013,612,0,0,599,83,1294,305,239,229,0,0,67,423,61,153,102,53,71,0,354,217,825,103,107,11,117,189,63,0
2022-03-16,2251,1038,3121,5153,812,502,2919,80,184,299,1216,2124,208,1321,142,1526,1683,1672,332,0,427,1001,329,462,878,0,1026,0,0,224,488,246,1222,317,248,190,0,2102,35,373,60,98,193,56,0,457,306,438,855,72,205,5,65,232,40,163
2022-03-17,60,1172,5839,0,1019,523,4842,78,173,300,1542,2391,243,1010,107,1236,1083,1172,375,139,381,0,326,919,424,1557,770,0,352,1,423,174,1159,404,69,184,2195,0,47,457,81,77,206,52,0,0,284,527,593,87,445,3,57,222,59,147
2022-03-18,2250,1380,6485,0,882,403,3215,10,119,238,1374,2125,184,1049,142,1861,1523,601,430,0,332,0,529,485,506,0,876,0,106,45,600,159,1142,336,0,205,0,3000,48,723,85,112,116,51,92,501,300,494,562,69,254,3,45,227,55,140
2022-03-19,0,0,3198,0,0,0,1436,1,0,0,1325,1601,0,0,0,0,869,0,358,401,285,0,0,70,0,0,691,0,71,0,3,0,0,0,217,0,0,0,0,1131,82,0,0,0,0,0,159,0,0,0,221,0,0,0,0,0
2022-03-20,0,0,0,0,0,0,2168,0,0,0,0,3335,0,0,0,0,513,492,204,0,0,0,0,52,0,0,362,0,0,0,0,0,0,0,0,0,0,0,0,290,76,0,39,0,0,0,0,0,0,0,287,0,35,0,0,0
2022-03-21,1589,2442,9170,0,1783,817,1946,42,345,531,1742,1344,406,1311,367,2441,552,2397,175,0,0,0,375,6096,419,0,368,0,0,114,697,364,1774,603,0,248,0,1705,0,781,38,245,339,0,0,356,0,375,672,78,129,6,79,339,45,490
2022-03-22,54,1437,1294,0,814,386,5236,0,117,263,693,1356,140,492,77,798,859,1724,182,202,623,0,218,78,1024,1168,545,1376,132,0,564,80,656,461,256,147,0,0,0,607,28,106,112,0,81,0,272,200,423,76,38,5,84,90,43,70
2022-03-23,1881,1151,4461,4566,1216,432,12299,0,126,296,2010,3556,213,470,149,1533,1204,934,246,343,266,724,306,56,280,0,574,0,71,259,376,219,992,396,178,163,0,2052,110,249,66,129,228,0,0,575,191,185,275,54,251,7,49,145,208,367
2022-03-24,26,1758,4849,0,1233,442,6131,0,165,278,1567,3694,193,720,153,1471,1451,1970,362,0,344,0,255,86,461,751,958,0,107,0,626,144,948,439,79,120,3668,0,0,258,200,90,193,0,0,0,254,398,171,45,246,10,67,128,12,269
2022-03-25,2502,1334,3631,0,1194,430,4254,0,132,184,1399,3380,156,641,90,1239,1176,2008,391,403,296,0,225,502,483,0,726,0,151,89,572,174,1002,429,0,170,0,1888,0,189,182,133,143,233,68,553,238,164,70,41,314,5,41,119,25,0
2022-03-26,0,0,972,0,0,0,4870,32,0,0,0,1759,0,0,0,0,909,0,401,207,224,0,0,34,0,624,660,0,109,0,0,0,0,0,230,0,0,0,0,121,102,0,0,0,0,0,188,0,0,0,614,0,0,0,0,0
2022-03-27,0,0,0,0,0,0,344,0,0,0,0,4357,0,0,0,0,941,0,225,0,0,0,0,46,0,0,403,0,0,19,0,0,0,0,0,0,0,0,0,38,87,0,0,0,0,0,0,0,0,0,256,0,30,0,0,752
2022-03-28,1916,2516,5431,0,2624,876,684,620,255,382,3423,2327,422,1333,404,2283,643,1498,212,0,0,0,435,4815,464,0,279,0,0,145,835,308,1340,1014,0,198,0,1433,0,21,31,132,301,0,0,0,0,2024,115,57,169,0,42,229,0,0
2022-03-29,27,1573,1288,0,949,470,5303,28,101,333,1348,2316,165,587,72,609,1007,1078,277,234,430,0,250,62,970,736,593,1025,184,0,440,89,867,365,169,84,0,0,0,144,48,67,82,30,56,0,454,284,126,56,38,21,59,94,43,0
2022-03-30,1643,1307,3157,10143,1415,570,2532,0,132,373,1347,3059,200,8917,130,857,1369,1252,287,345,376,1090,0,61,347,0,560,0,92,228,583,219,798,458,0,129,0,1972,154,97,86,135,134,41,0,819,291,253,138,33,405,0,39,128,0,803
2022-03-31,43,1591,5462,0,1596,533,3614,0,139,314,2362,4911,303,2815,158,1107,1468,1279,421,146,238,0,0,65,509,592,872,0,0,0,609,174,804,742,0,165,3103,0,0,107,108,131,116,34,0,0,206,258,71,12,495,4,45,88,0,0
2022-04-01,1603,1413,4244,0,1600,501,2740,0,0,363,1563,3889,246,822,137,1110,1517,1284,438,158,305,0,647,321,539,0,821,0,288,192,121,161,859,501,0,91,0,1397,0,107,99,163,93,83,55,525,256,141,208,67,601,20,0,95,88,0
2022-04-02,0,0,4,0,0,0,2783,0,0,0,1663,2377,0,0,0,0,1493,0,0,218,188,0,0,35,0,591,653,0,0,0,0,0,0,0,585,0,0,0,0,61,102,0,0,0,0,0,212,0,0,0,432,0,0,0,0,0
2022-04-03,180,0,0,0,0,0,912,0,0,0,0,2008,0,0,0,0,1019,0,0,0,0,0,0,55,0,0,0,0,0,0,0,0,0,0,0,0,0,0,0,38,79,0,0,0,0,0,0,0,0,0,576,0,72,0,0,0
2022-04-04,1893,2995,2342,0,3096,986,2462,99,0,605,2167,6393,492,955,332,2052,809,1197,1039,0,0,0,404,3299,467,0,863,0,0,14,219,360,1673,1268,0,249,0,0,0,35,50,443,519,0,0,0,0,433,213,57,340,0,49,171,0,0
2022-04-05,4,1796,7035,0,1211,508,3132,24,0,346,1436,2586,267,421,124,526,1610,926,300,192,452,0,0,26,1087,862,797,1566,0,1,99,149,1027,432,127,246,0,0,0,102,47,134,87,42,97,0,451,236,76,48,65,52,43,93,5,0
2022-04-06,6072,2176,1092,6840,1492,735,2684,69,0,351,2159,3516,368,507,134,807,1863,3650,527,483,184,1138,374,86,369,0,859,0,717,1,132,220,932,478,218,217,0,3737,137,115,95,110,148,65,0,934,276,220,26,69,582,18,33,107,0,1201
2022-04-07,31,1572,1207,0,1976,700,4062,61,699,435,1719,6165,398,497,204,0,2109,1305,491,119,267,0,0,33,615,0,1163,0,0,0,673,213,1178,749,82,131,3828,583,0,105,172,205,115,50,0,0,233,201,63,30,1114,14,52,87,0,0
2022-04-08,2626,2305,12138,0,1764,1497,2582,67,0,435,2161,5735,339,430,283,175,2018,2085,644,179,352,0,456,201,608,0,1178,0,0,638,94,249,1285,691,0,123,0,0,0,110,0,211,121,90,17,0,263,172,51,23,849,24,27,92,0,0
2022-04-09,0,0,3,0,0,0,2556,0,0,0,2049,3263,0,0,0,0,1629,0,0,174,479,0,0,118,0,832,1057,0,0,0,0,0,0,0,246,0,0,0,0,60,110,0,0,0,0,0,236,0,0,0,710,0,0,0,0,0
2022-04-10,0,0,0,0,0,0,872,0,0,0,0,3406,0,0,0,0,1811,0,0,0,0,0,0,35,0,0,518,0,0,70,0,0,0,0,0,0,0,0,0,30,141,0,0,0,0,0,0,0,0,0,1278,0,24,0,0,0
2022-04-11,1398,4503,2775,0,4267,1384,1716,139,0,825,3060,9374,812,1518,610,129,1119,3010,1613,0,0,0,383,2597,673,0,487,0,0,134,277,529,2370,1836,0,194,0,0,0,33,87,0,321,0,0,0,0,361,120,71,669,0,34,128,45,384
2022-04-12,10,1745,925,0,1982,694,2438,67,0,475,2108,3508,464,495,138,113,1982,992,499,273,571,0,0,128,1334,362,1269,891,1336,0,144,163,1203,631,304,198,0,0,0,103,73,199,80,62,0,0,452,214,112,58,117,37,32,76,0,0
2022-04-13,3287,2067,1058,2777,2238,847,3227,82,0,535,2552,5550,361,610,290,4693,2272,1580,456,452,174,1300,480,113,682,0,1232,0,221,0,134,310,1115,691,268,275,0,7692,124,127,151,116,168,64,0,1297,605,156,43,43,1310,35,24,25,0,0
2022-04-14,38,3339,14428,0,3255,957,3032,85,740,603,2919,7434,539,490,326,0,2730,1685,775,121,320,0,0,69,862,0,1728,0,0,0,175,346,1196,407,84,504,4808,0,0,89,226,123,171,76,0,0,356,188,105,35,1732,36,27,130,0,176
2022-04-15,2772,2416,7235,0,2727,866,50,63,0,461,2899,6886,332,718,292,0,1575,1994,786,198,453,0,0,186,872,0,1561,0,612,1106,194,274,1538,1193,0,0,0,5781,0,75,245,86,152,71,0,0,519,220,37,56,0,0,0,117,0,0
2022-04-16,0,0,0,0,0,0,0,0,0,0,0,4265,0,0,0,0,2346,0,0,210,455,0,0,128,0,1234,1336,0,0,0,0,0,0,0,404,0,0,0,0,88,0,0,0,0,0,0,437,0,0,0,0,0,0,0,0,0
2022-04-17,0,0,8,0,0,0,0,0,0,0,0,3352,0,0,0,0,2267,0,0,0,0,0,0,78,0,0,732,0,0,0,0,0,0,0,0,0,0,0,0,31,0,0,0,0,0,0,0,0,0,0,4756,0,56,0,0,0
2022-04-18,3098,5775,3271,0,0,1649,6020,133,0,1514,6814,10365,860,276,782,480,996,1938,864,0,0,0,1390,2752,928,0,1100,0,0,0,417,739,2620,1960,0,543,0,0,0,25,435,148,455,0,0,0,0,0,126,90,1144,10,38,303,18,0
2022-04-19,61,2467,10275,0,6801,528,3379,104,0,727,3046,4662,355,0,176,44,1817,2246,1874,251,664,0,0,120,1737,572,1610,1496,0,168,205,151,974,1161,335,228,0,0,0,105,90,50,114,51,134,0,0,604,5,85,359,46,50,95,0,0
2022-04-20,1785,3916,1342,2377,1986,1664,2637,95,0,859,3570,6899,318,2474,355,8054,2245,1299,636,391,332,1666,781,69,986,0,1217,0,902,1,216,344,1207,1010,240,262,0,4654,165,192,169,99,189,95,0,1526,724,153,179,86,2329,0,45,157,0,0
2022-04-21,34,3603,2118,0,2602,1329,2817,249,1198,932,3761,7123,489,0,379,167,2797,2397,1044,183,485,0,0,60,1117,500,1844,0,171,189,265,346,1495,877,131,210,6890,5820,0,146,183,95,237,66,0,0,439,254,7,42,3868,102,31,174,0,0
2022-04-22,3917,3793,16303,0,2473,1316,3708,121,0,728,3593,8460,344,0,425,139,2870,2246,1015,297,480,0,1023,245,1463,0,1609,0,0,1158,254,341,1705,1150,0,218,0,0,0,165,200,100,190,118,0,0,467,257,185,75,4684,61,24,177,0,0
2022-04-23,0,0,0,0,0,0,2276,0,0,0,0,4086,0,0,0,0,2534,219,0,340,455,0,0,175,0,614,1997,0,510,0,0,0,0,0,549,0,0,0,0,82,281,0,0,0,0,0,317,0,0,0,4482,0,0,0,0,0
2022-04-24,0,0,0,0,0,0,1110,0,0,0,0,4205,0,0,0,0,1684,5,0,0,0,0,0,94,0,0,1187,0,0,0,0,0,0,0,0,0,0,0,0,49,0,0,0,0,0,0,0,0,0,0,4039,0,18,0,0,0
2022-04-25,5854,8174,4531,0,5749,2874,1243,212,0,2068,9005,9778,988,82,918,188,1315,1922,1005,0,0,0,2454,2299,1158,0,1072,0,0,0,625,807,3302,2026,0,620,0,0,0,40,261,0,414,0,0,0,0,679,127,79,2219,63,29,432,0,0
2022-04-26,0,2497,16284,0,2616,1178,2556,152,0,1091,3571,4802,489,0,207,229,2725,1515,2101,236,1011,0,0,139,2558,537,1538,0,0,0,290,0,1478,1088,521,265,0,0,0,212,102,321,151,105,158,0,569,260,5,110,681,0,47,216,42,0
2022-04-27,3582,3413,1852,2350,3180,1610,2513,140,0,1125,4590,7269,539,5629,540,10992,3086,1016,726,833,389,3192,1561,292,1374,0,2173,0,588,0,309,721,1529,1047,515,325,0,8628,277,161,196,88,240,96,0,1487,526,202,143,106,2914,106,47,253,0,0
2022-04-28,42,4602,2427,0,3744,1689,2715,142,1695,1227,4638,9852,658,0,359,0,3160,1318,1392,238,598,0,0,201,1636,464,2564,2179,0,408,342,393,2019,1256,116,318,8731,5854,0,190,253,164,271,54,0,0,464,233,5,115,4476,46,46,275,0,0
2022-04-29,4789,5897,19069,0,3583,1666,2823,162,0,1454,4676,8803,709,0,430,363,3235,2639,1389,348,674,0,1518,513,1972,0,2248,0,0,1575,257,387,1862,1054,0,372,0,0,0,139,250,162,235,159,0,0,470,222,212,78,5199,0,6,232,0,0
2022-04-30,0,53,16,0,0,0,2546,0,0,0,0,5307,0,0,0,0,3254,0,0,428,630,0,0,133,0,566,2453,0,0,0,11,0,0,0,594,0,0,0,0,120,0,0,0,0,0,0,1018,0,0,0,5179,0,18,0,0,0
2022-05-01,0,0,0,0,0,0,1478,0,0,0,0,4521,0,0,0,0,2297,267,0,0,0,0,0,92,0,0,1448,0,0,0,0,0,0,0,0,0,0,0,0,59,0,0,0,0,0,0,0,0,0,0,5201,0,5,0,0,0
2022-05-02,11874,9006,5833,0,6751,3487,2619,162,0,2025,11095,11699,1237,131,1162,300,3015,1490,1242,0,0,0,1287,2144,1731,0,1466,0,0,1,1796,681,4192,2089,0,546,0,0,0,67,703,347,528,0,0,0,791,438,187,155,2623,85,44,539,0,276
2022-05-03,36,4034,19370,0,2967,1174,2240,271,0,1814,4961,6074,571,0,481,132,2643,1492,2233,366,1110,0,0,145,2500,415,2134,3073,0,253,508,307,1435,1727,669,506,0,0,0,134,105,143,166,144,195,0,1198,292,5,130,888,0,68,225,0,0
2022-05-04,0,5734,2859,3911,3480,2695,2778,164,0,1462,4461,8335,744,6405,536,13365,3401,1026,1331,922,480,4155,1815,248,2577,0,2615,0,0,2,180,517,3187,1052,741,406,0,13042,373,226,210,218,245,114,0,1459,1030,342,318,121,4240,90,28,224,0,0
2022-05-05,28,4152,2948,0,5010,2468,4472,219,3228,1723,6458,10740,938,0,518,22,4339,1438,1525,361,719,0,0,209,2277,739,757,0,0,116,6895,352,2529,1420,298,524,11013,5903,0,279,484,184,353,103,0,0,699,350,3,93,5579,531,20,374,18,19
2022-05-06,2311,7704,22740,0,4518,2596,2929,0,0,1078,5975,11136,778,0,609,353,4266,1381,1913,451,912,0,0,463,2333,0,388,0,0,1863,3096,400,2677,1603,0,545,0,0,0,207,413,254,319,251,0,0,930,242,305,115,6618,155,21,364,0,0
2022-05-07,0,0,23,0,0,0,2726,0,0,0,5507,6442,0,0,0,0,3986,42,0,582,825,0,1691,175,0,501,0,0,0,0,0,0,0,0,1103,0,0,0,0,201,0,0,0,0,0,0,961,0,0,0,5593,0,0,0,0,0
2022-05-08,0,0,0,0,0,0,1766,0,0,0,0,6400,0,0,0,0,3309,0,0,0,0,0,0,166,0,0,0,0,0,0,0,0,0,0,0,0,0,0,0,124,0,0,0,0,0,0,0,0,0,0,28,0,0,0,0,0
2022-05-09,8507,14449,7060,0,9287,4890,2460,0,0,2969,1286,17094,1679,120,1245,141,2139,2120,1845,0,0,0,2265,2697,2660,0,749,0,0,1,1163,838,6023,4590,0,966,0,0,0,62,1096,887,704,0,0,0,445,548,301,28,8206,186,46,877,24,0
2022-05-10,21,5313,24764,0,3606,2420,2919,619,0,1632,13403,6662,848,0,327,258,4393,2150,4100,486,1875,0,0,372,5116,902,0,0,1062,202,539,252,2484,1947,829,597,0,0,0,259,235,267,251,177,286,0,771,496,10,34,615,0,32,0,0,92
2022-05-11,5097,6186,3353,5490,4586,2944,3301,301,0,1450,7724,9345,990,8713,587,17490,4925,1170,1540,1425,754,5649,1918,278,1800,0,20089,4301,0,5,600,268,2764,2392,936,708,0,21712,450,244,0,366,354,149,0,1620,748,394,378,52,4911,319,30,703,0,26
2022-05-12,117,5663,3522,0,6523,3112,4268,310,3384,1722,7812,13988,970,0,680,215,6167,6981,2210,320,1156,0,0,746,2612,640,478,0,938,135,539,601,3144,1963,511,884,15970,5993,0,258,966,585,502,157,0,0,1001,456,10,47,6373,163,38,527,0,0
2022-05-13,6268,8444,22821,0,5478,2912,5832,270,0,1644,3648,11843,887,0,564,9,6488,2704,2467,558,1116,0,2566,970,2914,0,0,0,732,2502,3720,413,3295,2396,0,730,0,0,0,274,592,701,386,240,0,0,773,419,359,452,5358,202,27,491,0,0
2022-05-14,0,0,24,0,0,0,2970,0,0,0,0,6362,0,0,0,0,5167,2678,0,0,0,0,0,434,0,689,0,0,512,0,1,0,0,0,1259,0,0,0,0,219,0,0,0,0,0,0,428,0,0,0,4322,0,0,0,0,0
2022-05-15,0,0,0,0,0,0,2080,0,0,0,0,5348,0,0,0,0,3975,0,0,0,0,0,0,188,0,0,0,0,0,0,0,0,0,0,0,0,0,0,0,140,0,0,0,0,0,0,0,0,0,0,7708,0,0,0,0,0
2022-05-16,7271,16873,7992,0,11762,5446,2041,0,0,2950,23782,15717,1938,33,1984,290,3321,2571,2609,0,0,0,2493,4245,2580,0,1713,0,0,0,1249,781,7565,10473,0,1353,0,0,0,74,1680,955,1024,0,0,0,676,955,360,58,3447,206,46,1305,0,0
2022-05-17,130,5292,39601,0,4176,2218,3152,828,0,2001,8361,8084,978,0,504,182,4619,2319,5696,1390,3646,0,0,585,4581,0,16438,6082,659,174,767,212,3553,1757,1128,889,0,0,0,287,253,312,373,192,378,0,615,451,14,117,448,182,46,405,10,8
2022-05-18,6062,5757,3720,7204,4781,2586,4870,0,0,1942,9334,10747,966,10560,648,22921,5111,1315,1992,1847,918,7022,2168,244,2127,0,9166,0,317,1724,614,390,3301,1925,949,1260,0,23144,475,462,620,517,612,239,0,1948,812,546,476,58,3929,126,23,440,0,0
2022-05-19,24,7537,4694,0,5637,2753,4883,650,4504,1619,10265,11870,1043,0,618,472,5995,3027,2770,605,1700,0,0,1212,2120,1491,0,0,357,102,644,0,3836,1877,293,1367,19536,6123,0,403,673,452,553,162,0,0,791,629,12,52,6896,0,55,860,0,0
2022-05-20,8410,4740,42098,0,4627,2440,5014,302,0,2380,8508,10796,887,0,597,156,6132,1840,3017,0,1211,0,3482,1282,2418,0,4714,0,384,0,4523,0,3847,2124,0,1137,0,0,0,315,803,360,637,290,0,0,518,592,488,817,7019,303,22,713,0,73
2022-05-21,0,0,49,0,0,0,4237,0,0,0,9358,0,0,0,0,0,5268,510,0,1902,1633,0,0,400,0,857,5342,0,306,0,1,0,0,0,1357,0,0,0,0,293,0,0,0,0,0,0,791,0,0,0,5003,0,0,0,0,0
2022-05-22,0,0,0,0,0,0,4015,0,0,0,0,9314,0,0,0,0,3927,0,0,0,0,0,0,262,0,0,0,0,0,0,0,0,0,0,0,0,0,0,0,146,0,0,0,0,0,0,0,0,0,0,4323,0,0,0,0,0
2022-05-23,6800,14461,12219,0,8363,5003,4510,0,0,3854,13407,16666,1503,102,1469,383,2955,2543,2185,0,0,0,2852,5251,2146,0,0,0,0,0,1200,0,8618,3462,0,1537,0,0,0,88,1613,917,1436,0,0,0,577,1302,426,71,2650,166,0,2131,18,0
2022-05-24,27,4006,43519,0,3136,1966,3867,0,0,1791,9517,6680,719,0,393,159,6124,2668,5934,970,3347,0,0,301,4029,817,11331,8034,609,1,711,0,3224,1028,1302,1127,0,0,0,441,300,255,537,0,452,0,836,558,11,104,701,146,139,548,0,0
2022-05-25,6507,6389,4845,11498,3709,2590,4630,1292,0,1843,12084,8147,596,13645,422,28048,4852,1716,1983,2654,1174,8821,2989,384,1528,0,8277,0,451,3033,497,0,3488,1642,1008,1547,0,19747,594,556,515,505,931,424,0,2016,560,770,649,63,6748,86,0,641,0,0
2022-05-26,219,6375,6177,0,3960,2653,5616,379,5614,1669,11400,10305,738,0,571,111,5471,8724,2625,731,1913,0,0,354,2162,955,0,0,573,7,774,1606,3565,1581,355,1229,19546,6221,0,373,564,505,834,148,0,0,556,868,23,54,5514,190,0,734,0,99
2022-05-27,7779,5695,41116,0,3617,2572,5370,0,0,1925,11101,9825,636,0,476,0,5194,3130,2677,0,1725,0,2943,789,2264,0,5916,0,428,0,5838,0,3628,1138,0,1279,0,0,0,391,613,533,793,361,0,0,510,1056,582,995,5207,0,141,648,0,20
2022-05-28,0,0,64,0,0,0,0,0,0,0,0,0,0,0,0,0,4071,3184,0,0,0,0,0,269,0,0,0,0,0,0,0,0,0,0,0,0,0,0,0,376,0,0,0,0,0,0,475,0,0,0,5324,0,0,0,0,0
2022-05-29,0,0,0,0,0,0,0,0,0,0,0,0,0,0,0,0,4514,0,0,0,0,0,0,165,0,0,0,0,0,0,0,0,0,0,0,0,0,0,0,250,0,0,0,0,0,0,0,0,0,0,4116,0,0,0,0,0
2022-05-30,0,0,12524,0,0,4942,0,0,0,0,0,0,0,0,0,0,2413,0,0,0,0,0,0,225,0,0,0,0,0,0,0,0,7955,0,0,0,0,0,0,118,1555,0,0,0,0,0,0,0,0,0,2420,0,0,0,0,0
2022-05-31,3860,16076,2971,0,7759,1047,19392,1348,0,4645,34587,23941,1515,112,1196,927,2424,6720,2204,2353,5706,0,0,5123,2186,861,12412,0,367,0,1868,0,1988,2727,2544,2582,0,0,0,179,185,1500,2150,293,611,0,330,2526,45,50,946,0,107,1972,33,15
2022-06-01,5702,4313,45448,13042,2198,1780,5034,495,0,1837,9968,5607,625,14414,264,26672,3562,1304,7813,1390,443,8029,4820,223,1780,0,6534,9205,665,3155,590,1216,2970,996,955,2102,0,13206,653,466,132,550,554,67,0,2009,537,971,1102,151,2239,529,81,628,0,0
2022-06-02,56,6392,5062,0,3096,3036,6890,511,5728,1795,13204,6025,473,0,462,0,4735,2049,0,3496,1638,0,0,296,4812,2242,0,0,192,0,1143,0,2918,659,428,1372,17530,6329,0,635,416,922,981,300,0,0,275,1095,38,107,3210,0,106,696,0,47
2022-06-03,8673,5841,37808,0,3387,2867,7484,0,0,1113,14031,8552,685,0,315,426,4757,3660,2489,771,2359,0,3262,511,1964,0,3935,0,288,23,6011,0,4056,1083,0,2021,0,0,0,712,479,674,1077,538,0,0,337,0,779,1245,7057,68,62,812,0,0
2022-06-04,0,0,0,0,0,0,7032,0,0,0,11142,3401,0,0,0,0,4356,0,0,1161,2016,0,0,216,0,1467,5110,0,222,0,39,0,0,0,1516,0,0,0,0,472,0,0,0,0,0,0,315,0,0,0,5185,0,0,0,0,0
2022-06-05,0,0,0,0,0,0,5755,0,0,0,0,2621,0,0,0,0,2995,0,0,0,0,0,0,424,0,0,0,0,0,0,0,0,0,0,0,0,0,0,0,299,0,0,0,0,0,0,0,0,0,0,4341,44,0,0,0,0
2022-06-06,8166,13847,14344,0,5517,4746,5680,0,0,4232,15526,12377,837,7,748,540,2401,4960,2368,0,0,0,3418,8187,2152,0,0,0,0,1,1121,0,8081,1744,0,2408,0,0,0,173,943,1349,2302,0,0,0,0,3679,642,80,2494,146,149,1701,37,0
2022-06-07,24,4853,53447,0,2390,2037,5768,1880,0,1813,11738,4795,535,0,234,133,3691,3649,4454,0,4568,0,0,286,4057,1408,6012,9456,647,0,1223,0,2627,652,1296,1868,0,0,0,805,268,669,715,478,1235,0,557,1184,22,130,583,29,95,502,0,0
2022-06-08,5332,4877,6690,14677,2124,1930,7211,496,0,1461,11916,7066,384,17353,222,25442,3514,2976,1359,3749,1387,7943,2859,407,1380,0,7507,0,326,4621,869,993,2958,657,1043,1557,0,12009,969,887,0,848,1100,148,0,2461,319,1065,1007,57,3794,74,150,632,0,0
2022-06-09,0,4323,5064,0,2250,2049,8226,443,7503,2284,12135,6708,444,0,250,202,3741,9441,1756,1162,2372,0,0,348,1811,1812,0,0,274,0,654,0,3300,675,385,1759,18247,6444,0,663,0,804,1136,0,0,0,329,1221,16,65,6661,46,61,647,0,0
2022-06-10,5436,6102,49037,0,2371,1851,6510,421,0,1144,11922,2615,414,0,255,335,3676,5085,1551,1780,1987,0,2366,860,2027,0,2494,0,301,0,6959,0,3148,696,0,1981,0,0,0,670,1375,825,985,442,0,0,314,1183,824,1569,3823,33,156,518,0,0
2022-06-11,0,0,0,0,0,0,6897,0,0,0,10730,2403,0,0,0,0,3280,0,0,1907,0,0,0,0,0,1519,3433,0,246,0,0,0,0,0,1231,0,0,0,0,610,0,0,0,0,0,0,220,0,0,0,2897,0,0,0,0,0
2022-06-12,4,0,119,0,0,0,5436,0,0,0,0,1954,0,0,0,0,2228,3779,0,0,0,0,0,591,0,0,0,0,0,0,0,0,0,0,0,0,0,0,0,449,0,0,0,0,0,0,0,0,0,0,3833,0,0,0,0,0
2022-06-13,5730,8791,12917,0,4326,3992,7715,0,0,3904,15753,14506,571,64,515,348,979,3648,1888,0,0,0,3487,10656,1549,0,0,0,0,0,1379,0,6846,1617,0,2303,0,0,0,332,0,1593,2484,0,0,0,0,2960,702,72,2224,61,185,1306,0,0
2022-06-14,65,3858,47311,0,1881,1458,7240,942,0,1577,9767,3793,484,0,174,106,3127,3517,3426,1211,6432,0,0,419,3834,1580,6513,10348,445,0,695,0,2758,745,1376,2357,0,0,0,740,0,878,768,0,2453,0,470,1506,14,72,390,0,97,509,79,0
2022-06-15,5246,5758,6247,16334,1691,1870,6883,581,0,1519,13356,4643,380,18443,222,23299,3070,1560,1144,3496,1062,7078,2146,366,1356,0,7841,0,192,3891,766,746,2704,813,995,1544,0,9071,972,954,1095,1100,1127,0,0,2174,358,1625,880,54,4433,0,147,556,0,78
2022-06-16,192,5342,4698,0,1865,1887,8153,680,6524,1570,12756,6197,359,0,262,390,3197,1494,1633,882,2496,0,0,346,1543,1915,0,0,225,0,796,0,2526,495,357,1966,16169,6507,0,1000,277,953,1091,759,0,0,249,1685,35,40,3714,197,121,654,0,0
2022-06-17,6594,3523,33360,0,1787,1559,6186,478,0,1583,12017,5654,301,0,192,170,3473,4146,1915,1223,2153,0,2840,1393,1887,0,0,0,242,32,7239,0,2943,844,0,0,0,0,0,780,362,1156,1277,493,0,0,218,1844,849,1840,3809,0,123,0,0,72
2022-06-18,16,0,0,0,0,0,5095,0,0,0,0,2392,0,0,0,0,2605,553,0,0,0,0,0,210,0,0,0,0,0,0,0,0,0,0,0,0,0,0,0,708,0,0,0,0,0,0,307,0,0,0,2879,0,0,0,0,0
2022-06-19,0,0,0,0,0,0,3565,0,0,0,0,1833,0,0,0,0,2377,0,0,0,0,0,0,36,0,0,0,0,0,0,0,0,0,0,0,0,0,0,0,575,0,0,0,0,0,0,0,0,0,0,6221,0,0,0,0,0
2022-06-20,49,0,12033,0,0,3933,3134,0,0,0,0,1447,578,0,432,0,1438,2148,0,0,0,0,2691,7611,0,0,0,0,0,0,218,0,6195,1449,0,4461,0,0,0,251,757,0,0,0,0,0,0,3196,0,60,1950,0,165,0,0,0
2022-06-21,3762,13449,49290,0,4389,1615,18048,1330,0,4272,37396,12997,308,28,169,482,2858,2076,1388,2480,6590,0,0,834,1531,1994,2708,10621,262,0,2008,0,2527,579,2480,2862,0,4083,0,764,166,3462,3057,303,1180,0,0,1933,47,176,620,62,114,2351,87,0
2022-06-22,7656,4610,6391,15373,1896,1869,7799,535,141,2500,12095,4135,286,17802,196,18255,3553,3375,4007,2809,1701,5355,3406,458,1572,0,9618,0,861,4128,731,615,2592,727,1082,2364,0,6598,971,812,108,1319,921,247,0,2573,249,2040,1568,0,1828,35,122,612,0,0
2022-06-23,21,3512,5775,0,1834,1975,11357,610,6637,2352,12494,5809,380,0,147,201,3224,8102,1598,712,2724,0,0,513,4589,4382,0,0,242,0,838,0,3085,670,346,2065,16159,0,0,1434,353,1572,1416,209,0,0,430,2083,27,60,5821,58,75,602,0,0
2022-06-24,6622,5583,57153,0,1926,1826,11502,594,0,1752,11842,7291,274,0,200,178,3306,3038,1698,1332,2658,0,2820,964,1697,0,2539,0,0,0,7973,0,2980,780,0,2141,0,0,0,1062,262,1377,1251,406,0,0,247,2035,1191,1742,4455,29,150,611,0,72
2022-06-25,0,0,0,0,0,0,9150,0,0,0,11092,2403,0,0,0,0,3219,4467,0,1336,2641,0,0,382,0,2567,3193,0,549,0,0,0,0,0,1334,0,0,0,0,888,0,0,0,0,0,0,209,0,0,0,4239,0,0,0,0,0
2022-06-26,0,0,74,0,0,0,9198,0,0,0,0,2075,0,0,0,0,2602,0,0,0,0,0,0,122,0,0,0,0,0,0,0,0,0,0,0,0,0,0,0,507,0,0,0,0,0,0,0,0,0,0,3662,0,0,0,0,0
2022-06-27,7398,9946,13655,0,3689,3560,9840,0,0,3821,16518,12326,580,86,668,358,1509,4609,1634,0,0,0,4139,7898,1510,0,0,0,0,0,2003,0,6619,1704,0,3264,0,0,0,393,702,2677,2670,0,0,0,0,4467,893,90,1421,39,203,1350,0,0
2022-06-28,84,4211,49219,0,1516,1311,10238,0,0,1912,0,4335,336,0,123,127,3629,2893,3649,0,0,0,0,413,3351,0,0,11014,0,0,927,0,3070,836,0,2405,0,7635,0,1420,127,1146,736,0,1116,0,466,2180,30,72,806,50,151,564,190,0
2022-06-29,4570,4693,7371,16514,1678,2045,10419,0,0,1938,22440,5254,347,19874,264,23136,3144,1847,1434,4410,7234,5239,3168,275,1281,0,7959,0,740,4927,821,638,3258,648,2308,3022,0,6718,1254,1332,272,0,1126,561,0,3099,372,2425,1327,65,3481,0,181,667,0,0
2022-06-30,258,4742,5707,0,2055,1863,13361,2956,7396,1865,12755,7381,398,0,237,121,3910,1623,1716,1160,3098,0,0,409,0,5615,5209,0,245,0,901,0,3314,705,415,3040,17225,0,0,1437,313,2908,1057,248,0,0,246,1926,43,40,4911,50,129,660,70,0
2022-07-01,7252,4675,55581,0,1841,1704,12942,518,0,1358,11682,7532,283,0,244,84,3615,2182,1796,0,3158,0,3703,349,0,0,0,0,239,88,8807,0,3393,2912,0,2237,0,0,0,1224,357,1637,830,549,0,0,197,1785,1076,1843,3618,0,169,710,0,91
2022-07-02,0,263,0,0,0,0,0,0,0,0,0,2935,0,0,0,69,3541,0,0,0,0,0,0,354,0,0,0,0,0,0,1,0,0,0,0,0,0,0,0,1403,0,0,0,0,0,0,208,0,0,0,3546,0,0,0,0,0
2022-07-03,0,0,0,0,0,0,0,0,0,0,0,2197,0,0,0,0,2654,0,0,0,0,0,0,209,0,0,0,0,0,0,0,0,0,0,0,0,0,0,0,165,0,0,0,0,0,0,0,0,0,0,1636,0,0,0,0,0
2022-07-04,0,0,15316,0,0,0,350,0,0,0,0,1829,0,0,0,0,1859,3224,0,0,0,0,0,288,0,0,0,0,0,0,0,0,6682,1380,0,0,0,0,0,386,686,0,0,0,0,0,0,3337,0,0,325,0,0,0,0,0
2022-07-05,3664,10667,5604,0,4486,4345,36532,0,0,4789,32328,16154,625,42,717,454,2197,923,1592,3143,8590,0,0,7965,0,3104,2864,0,262,46,2415,0,2219,291,2573,4532,0,6257,0,302,138,3240,3138,0,1163,0,0,806,66,136,159,67,296,1995,0,0
2022-07-06,7529,5435,50658,20198,1317,1423,9450,0,0,1841,8052,4767,279,19318,170,24532,3075,1632,4457,1322,562,4102,6379,379,0,2995,9008,13733,0,5301,709,477,2721,1010,992,2753,0,6845,1182,2395,185,1350,618,462,0,2906,467,4376,1865,46,269,27,154,568,0,0
2022-07-07,95,5795,5347,0,2038,1966,11608,2816,6873,1624,13279,5873,248,0,232,0,3925,3915,1205,3734,2331,0,0,374,8326,2465,0,0,770,0,856,0,3185,824,472,5436,18838,0,0,1794,325,1844,1185,432,0,0,351,3222,28,34,0,23,127,797,0,0
2022-07-08,7262,5307,46330,0,2063,2141,12042,719,0,1944,14197,9314,400,0,306,92,4498,2919,1873,932,3412,0,4794,459,0,0,2981,0,208,74,9088,0,3542,1081,0,2814,0,0,0,1939,341,2014,1247,663,0,0,245,2892,1716,1993,13289,58,0,870,0,0
2022-07-09,0,0,0,0,0,0,12300,0,0,0,0,3128,0,0,0,0,3719,0,0,0,0,0,0,288,0,0,0,0,0,0,0,0,0,0,0,0,0,0,0,1450,0,0,0,0,0,0,202,0,0,0,2499,0,0,0,0,0
2022-07-10,5,146,0,0,0,0,11120,0,0,0,0,2509,0,0,0,0,2902,4,0,0,0,0,0,362,0,0,0,0,0,0,0,0,0,1285,0,0,0,0,0,730,0,0,0,0,0,0,0,0,0,0,3327,0,179,0,0,0
2022-07-11,6916,11961,18231,0,0,3995,12598,0,0,3351,29067,15227,0,0,584,324,1913,10939,1918,1008,3427,0,3485,10872,0,0,3925,0,267,145,1834,0,7876,408,1807,5648,0,0,0,678,1014,3681,2473,0,0,0,0,4575,1196,59,1624,72,243,1988,0,0
2022-07-12,20,6090,60053,0,0,1894,12160,2114,0,1842,11474,7787,985,0,203,178,4437,2105,4061,1615,6488,0,0,371,0,7849,6515,13446,507,17,715,0,3284,1008,1506,3672,0,9659,0,1556,187,1732,778,420,1767,0,504,3878,37,75,371,0,148,761,0,0
2022-07-13,3393,5106,7603,15280,0,2236,12513,676,0,1620,12432,6009,385,25564,269,25430,3710,1955,1781,3298,3318,4213,4061,390,0,0,6526,0,234,7185,845,550,3341,904,1402,3561,0,7022,1569,1810,304,1805,1162,358,0,2994,261,2699,1452,61,2385,71,149,870,364,0
2022-07-14,215,5368,8505,0,7872,2017,14455,607,7796,1111,13539,9761,347,0,304,0,4271,2082,1776,922,3585,0,0,330,9521,4147,0,0,205,0,788,0,3268,821,473,3495,24465,0,0,1907,0,2027,583,351,0,0,244,2893,38,41,2886,41,96,1030,0,0
2022-07-15,6368,4609,61251,0,0,1964,14220,633,0,2170,11701,8562,347,0,0,463,3971,2186,1782,1556,3580,0,3825,1632,0,0,2777,0,235,0,10969,0,3475,845,0,2573,0,0,0,1484,683,1611,1721,672,0,0,300,2604,1124,2455,4558,39,142,795,0,0
2022-07-16,0,0,0,0,0,0,11645,0,0,0,0,3185,0,0,0,0,3792,0,0,0,0,0,0,429,0,0,0,0,0,0,0,0,0,0,0,0,0,0,0,1172,0,0,0,0,0,0,218,0,0,0,601,0,0,0,0,0
2022-07-17,27,0,0,0,0,0,9863,0,0,0,0,2647,0,0,313,0,3129,0,0,0,0,0,0,325,0,0,0,0,0,0,0,0,0,975,0,0,0,0,0,749,0,0,0,0,0,0,0,0,0,0,3943,0,0,0,0,0
2022-07-18,7005,11214,18653,0,0,4321,12093,0,0,3010,27524,16035,641,17,393,224,2056,3999,1824,1301,2894,0,4321,9715,0,3721,4066,0,0,51,1560,0,7373,574,1670,5414,0,0,0,637,844,3291,2410,0,0,0,0,5952,1002,70,1406,35,264,2024,205,639
2022-07-19,31,3859,52468,0,0,1935,10191,1902,0,1521,12309,5316,266,0,107,137,4327,1768,3514,0,5860,0,0,408,0,3532,6437,13918,804,0,691,0,3219,1100,1568,3671,0,9244,0,1735,291,1415,894,402,1292,0,444,2701,37,57,518,0,148,834,0,0
2022-07-20,4365,5296,7067,18135,0,2442,13447,694,0,1421,12085,7971,311,26124,227,29089,3961,2890,2036,3610,2437,4244,4691,472,0,0,6960,0,190,7396,870,569,3106,854,1590,2998,0,7201,1514,1835,0,1761,1174,387,0,2885,246,2907,1495,0,3499,138,150,1027,522,327
2022-07-21,27,6652,8643,0,11525,2359,12768,645,6876,1706,11878,8972,317,0,256,0,4538,5403,2058,766,3747,0,0,500,9500,4390,0,0,229,0,826,0,3803,786,563,3466,26610,0,0,1526,811,2001,1305,402,0,0,202,2917,30,104,3550,41,0,1013,0,0
2022-07-22,6843,5262,56398,0,0,2250,14695,358,0,1351,12270,8385,329,0,0,358,4335,2128,1729,1092,3422,0,5716,1568,0,0,2971,0,217,325,10502,0,3648,1229,0,2681,0,0,0,1536,407,1511,1038,608,0,0,270,2889,1173,2043,3160,0,0,992,0,0
2022-07-23,0,0,0,0,0,0,10278,0,0,0,0,3159,0,0,0,0,4026,1972,0,0,0,0,0,639,0,0,0,0,0,0,0,0,0,0,0,0,0,0,0,970,0,0,0,0,0,0,216,0,0,0,2991,0,0,0,0,0
2022-07-24,0,0,0,0,0,0,10109,0,0,0,0,2682,0,0,0,0,3419,0,0,0,0,0,0,170,0,0,0,0,0,0,0,0,0,1294,0,0,0,0,0,726,0,0,0,0,0,0,0,0,0,0,3072,29,0,0,0,0
2022-07-25,5313,14545,15282,0,0,4821,11892,0,0,2979,27045,14803,639,0,0,0,1695,1792,1859,0,3504,0,3515,14879,0,4158,4167,0,246,132,1629,0,7992,458,1921,4244,0,0,0,574,993,3426,2307,0,0,0,0,5727,879,82,1482,32,459,2232,0,0
2022-07-26,65,5215,47613,0,0,2090,9950,2327,0,1361,11565,5309,281,0,1107,689,3429,2827,4074,0,6222,0,0,487,0,3767,6991,17662,0,0,883,0,2767,897,1707,2276,0,12224,0,1485,240,1094,945,412,1353,0,488,2884,34,52,372,29,150,912,0,0
2022-07-27,3750,2644,7793,17249,0,2549,11076,633,0,1354,11153,6506,279,28120,282,32883,4748,1815,1663,27485,2553,3980,6623,443,0,0,8148,0,683,7242,596,385,3561,1485,1733,2071,0,7429,1498,1791,370,1705,1149,356,0,2437,250,2765,1423,27,2465,47,191,1097,0,0
2022-07-28,15,7135,6954,0,11075,2483,13894,589,5866,857,12648,8268,335,0,228,172,4611,1773,1975,875,3494,0,0,419,10056,4456,0,0,229,0,730,0,3132,1049,571,3283,29876,0,0,1578,319,1592,1188,301,0,0,244,2685,47,53,2761,0,94,1197,0,0
2022-07-29,2707,5875,43641,0,0,2132,13654,571,0,1452,10975,3209,333,0,236,289,4082,1765,1913,0,2903,0,5438,1550,0,0,3002,0,192,103,10406,0,3898,905,0,2249,0,0,0,1178,500,1275,1048,786,0,0,324,2651,916,2041,3956,98,151,892,0,0
2022-07-30,0,0,0,0,0,0,0,0,0,0,0,3022,0,0,0,0,4024,0,0,0,0,0,0,372,0,0,0,0,0,0,0,0,0,0,0,0,0,0,0,1248,0,0,0,0,0,0,191,0,0,0,3110,0,0,0,0,0
2022-07-31,0,0,0,0,0,0,0,0,0,0,0,2657,0,0,0,0,2465,362,0,0,0,0,0,289,0,0,0,0,0,0,0,0,0,1239,0,0,0,0,0,376,0,0,0,0,0,0,0,0,0,0,3477,0,0,0,0,0
2022-08-01,8267,10269,13280,0,0,4618,28424,0,0,2596,25609,18457,742,0,566,232,1536,2233,1804,0,3400,0,4144,15174,0,3852,6554,0,173,112,1115,0,7424,352,1230,3855,0,0,0,582,867,2652,1985,0,0,0,0,0,713,48,1330,0,293,2264,0,0
2022-08-02,0,5090,44653,0,0,1888,14251,0,0,1131,0,4434,312,0,126,223,3565,2091,3976,0,0,0,0,372,0,0,0,0,0,0,481,0,2950,1069,0,2059,0,12556,0,1311,172,1399,732,0,1291,0,452,0,44,46,390,94,123,929,0,0
2022-08-03,3354,5039,6636,15034,0,2422,10266,2410,0,2149,19465,3205,307,26523,196,32315,3453,1340,1532,4002,7755,3593,4810,395,0,3561,15192,0,500,6503,501,496,3239,1102,3967,2039,0,7617,1574,1128,380,1575,874,895,0,3157,250,0,1190,53,3873,0,122,995,0,295
2022-08-04,0,4186,5064,0,10584,2122,11384,668,5157,1195,11381,11931,419,0,326,188,3694,2008,1973,491,3472,0,0,294,10442,4367,0,15956,115,0,880,0,3029,765,440,2085,27785,0,0,1438,367,1561,921,358,0,0,314,12047,30,27,3950,75,76,968,12,186
2022-08-05,4881,6217,37887,0,0,2121,12348,648,0,1370,9281,7643,298,0,254,0,3933,1548,1720,636,2931,0,5934,1645,0,0,3148,0,122,155,9139,0,3649,832,0,1760,0,0,0,1066,363,1146,1046,686,0,0,240,0,923,1927,3289,13,103,1012,0,0
2022-08-06,0,0,0,0,0,0,0,0,0,0,0,2541,0,0,0,0,3582,0,0,0,0,0,0,414,0,0,0,0,0,0,0,0,0,0,0,0,0,0,0,866,0,0,0,0,0,0,206,0,0,0,3178,0,0,0,0,0
2022-08-07,0,0,0,0,0,0,0,0,0,0,0,2149,0,0,0,0,2611,375,0,0,0,0,0,297,0,0,0,0,0,0,0,0,0,0,0,0,0,0,0,486,0,0,0,0,0,0,0,0,0,0,4163,0,0,0,0,0
2022-08-08,1610,9807,10368,0,0,4267,24966,0,0,1938,20697,11150,0,60,475,0,1200,1898,1552,600,3035,0,4202,14498,0,4560,3839,0,0,172,544,0,6751,1619,2019,3053,0,0,0,441,802,2597,1796,0,0,0,0,0,686,52,1696,59,192,2109,134,0
2022-08-09,23,4062,35461,0,0,1802,8000,1476,0,1260,8293,4395,0,0,137,230,3464,945,3773,0,5185,0,0,391,0,3239,6801,15987,486,0,257,0,2770,1132,1630,2478,0,8404,0,1038,188,1072,565,471,1151,0,438,0,26,46,513,10,109,939,0,0
2022-08-10,5994,3177,4949,13501,0,2194,10743,542,0,1051,8477,6398,0,24090,285,30782,3066,1592,1749,1913,2381,3141,6207,0,0,0,6838,0,107,5945,274,634,3210,854,1571,1541,0,7733,1372,1067,337,2079,797,402,0,2229,266,0,997,22,3061,49,141,1074,0,0
2022-08-11,0,5744,4309,0,9882,2187,11416,104,4692,1038,8880,7512,782,0,217,0,3496,1351,1916,346,3628,0,0,688,10240,3739,0,0,231,0,277,0,3103,825,428,1958,26016,0,0,1265,362,1571,855,364,0,0,259,13354,24,20,3309,0,83,1023,5,0
2022-08-12,4281,3758,35888,0,0,1809,13848,785,0,852,7835,6451,0,0,254,0,3007,1665,1940,409,3140,0,5165,301,0,0,5033,0,120,179,7773,0,3033,781,0,1771,0,0,0,1114,383,1507,810,538,0,0,293,0,719,1727,3418,0,175,1006,0,0
2022-08-13,0,0,0,0,0,0,0,0,0,0,0,2573,0,0,0,0,0,0,0,0,0,0,0,359,0,0,0,0,0,0,0,0,0,0,0,0,0,0,0,891,0,0,0,0,0,0,206,0,0,0,2825,0,0,0,0,0
2022-08-14,0,0,0,0,0,0,449,0,0,0,0,2128,0,0,0,0,5028,335,0,0,0,0,0,161,0,0,0,0,0,0,0,0,0,0,0,0,0,0,0,437,0,0,0,0,0,0,0,0,0,0,2106,60,0,0,0,0
2022-08-15,3708,8408,9991,0,0,3903,21841,0,0,1828,16615,6787,0,52,434,203,1135,1732,1540,468,2502,0,3617,15309,0,3156,3837,0,0,244,513,0,6007,1283,1635,3139,0,0,0,462,825,2481,1508,0,0,0,0,0,587,47,1413,0,179,1896,77,0
2022-08-16,0,3804,30952,0,0,1662,8014,0,0,1156,6941,1859,0,0,112,141,2895,1391,2894,425,6070,0,0,290,0,0,6338,13640,216,37,3027,0,2672,602,1531,1944,0,15258,0,1053,131,1528,520,401,1014,0,459,0,18,32,648,61,109,772,0,0
2022-08-17,2526,2986,4668,12244,0,2050,8803,1848,0,986,6281,9624,0,24943,357,26995,2389,870,1240,984,3233,2656,4696,314,0,0,6299,0,135,5091,530,447,2783,739,1327,1699,0,7907,1438,1056,245,1415,735,344,0,1848,264,0,874,21,2739,82,127,981,0,0
2022-08-18,24,5039,3314,0,9069,1823,10156,0,3541,877,6200,5917,1672,0,206,0,3147,1033,1777,330,3459,0,0,271,9948,6063,0,0,91,55,409,0,3000,447,250,1762,24067,0,0,1198,359,1639,627,266,0,0,287,14121,17,17,2879,22,64,918,5,0
2022-08-19,3804,4871,32153,0,0,1845,9191,832,0,908,9381,5729,0,0,217,0,2695,1252,1526,357,3217,0,5887,826,0,0,0,0,240,0,7611,0,2721,1210,0,2008,0,0,0,966,423,1534,678,498,0,0,274,0,591,1718,2365,0,102,861,0,0
2022-08-20,0,0,0,0,0,0,0,0,0,0,0,2490,0,0,0,0,2644,0,0,0,0,0,0,0,0,0,0,0,0,0,0,0,0,0,0,0,0,0,0,883,0,0,0,0,0,0,198,0,0,0,1713,0,0,0,0,0
2022-08-21,0,0,0,0,0,0,0,0,0,0,0,2081,0,0,0,0,1908,0,0,0,0,0,0,798,0,0,0,0,0,0,0,0,0,912,0,0,0,0,0,0,0,0,0,0,0,0,0,0,0,0,2823,0,0,0,0,0
2022-08-22,2973,8036,7904,0,0,4350,19963,0,0,1597,16218,9231,0,92,456,0,613,1423,1317,431,0,0,3426,12075,0,3096,2774,0,0,166,842,0,6074,266,1690,2811,0,0,0,833,710,0,1315,0,0,0,0,6230,488,40,1080,0,155,1870,97,0
2022-08-23,15,3806,27631,0,0,1555,6402,1426,0,864,6853,3870,0,0,81,0,2950,529,2951,448,0,0,0,320,0,2945,0,10272,423,58,899,0,2732,546,1445,2300,0,11385,0,1137,0,4017,638,365,726,0,515,3512,17,33,553,93,80,811,0,0
2022-08-24,2352,3597,4369,8505,0,1891,7919,459,0,806,6605,4208,0,22680,188,23959,2187,1136,833,915,20733,2176,5705,332,0,0,17390,0,95,4806,403,543,2915,1119,1417,2269,0,8029,1585,1231,388,0,563,284,0,2192,244,2910,752,16,2380,48,95,888,0,0
2022-08-25,256,5119,2975,0,8796,2171,9081,450,3143,740,7260,5841,1707,0,192,0,2634,626,1369,396,4409,0,0,378,9625,3854,0,0,94,0,483,0,2907,925,386,2310,23436,0,0,1192,254,0,626,0,0,0,317,3020,29,0,3021,40,63,1052,0,0
2022-08-26,2683,3829,31939,0,0,1695,9617,483,0,712,6791,4961,0,0,109,0,2484,3101,1259,326,4418,0,4831,1692,0,0,0,0,107,0,7084,0,2794,662,0,1944,0,0,0,1181,200,0,572,715,0,0,328,0,678,1634,2466,0,77,1060,0,0
2022-08-27,0,0,0,0,0,0,0,0,0,0,0,2201,0,0,0,0,2795,0,269,0,0,0,0,0,0,0,0,0,0,0,0,0,0,0,0,0,0,0,0,903,0,0,0,0,0,0,299,0,0,0,2356,0,0,0,0,0
2022-08-28,0,0,0,0,0,0,800,0,0,0,0,2031,0,0,0,0,1773,0,0,0,0,0,0,459,0,0,0,0,0,0,270,0,0,670,0,0,0,0,0,452,0,0,0,0,0,0,0,0,0,0,2084,0,0,0,0,0
2022-08-29,3720,7993,6394,0,0,3142,17907,0,0,1389,14436,8263,0,0,584,0,2438,1576,1287,0,3491,0,4047,12772,0,3534,0,0,0,0,510,0,6168,126,1683,3863,0,0,0,468,590,0,1235,212,0,0,0,0,484,32,1492,141,139,2162,70,0
2022-08-30,38,4610,27353,0,0,1397,10770,1364,0,779,6201,3350,0,0,85,0,668,1342,2548,797,6033,0,0,33,0,3325,0,13261,312,0,227,0,2759,995,1439,2664,0,11047,0,1383,135,8144,431,118,615,0,479,0,24,21,651,0,0,941,0,697
2022-08-31,1711,4690,3234,8661,0,1770,8289,455,0,571,6150,3945,0,17358,226,21898,2273,1125,961,803,1953,1744,4394,245,0,0,18264,0,80,5681,1043,539,2700,661,1400,2033,0,8111,1292,1180,216,0,440,269,0,1422,223,12210,830,28,1779,89,132,1028,0,0
2022-09-01,11,4618,2559,0,8742,1542,10088,565,2948,462,6558,5555,1997,0,268,0,2334,1993,1349,262,3155,0,0,376,8394,3790,0,0,109,0,535,0,2784,498,387,2514,25280,0,0,1323,248,0,455,233,0,0,339,2485,24,35,2702,0,34,1109,0,0
2022-09-02,2585,4275,23388,0,0,1483,9895,552,0,1030,5525,4225,0,0,174,0,2124,1135,1076,348,3085,0,3754,245,0,0,0,0,106,114,7640,0,2497,1382,0,1843,0,0,0,1219,210,0,381,560,0,0,274,1995,579,1281,2263,60,54,996,0,0
2022-09-03,0,0,0,0,0,0,0,0,0,0,0,2237,0,0,0,0,2088,0,0,0,0,0,0,247,0,0,0,0,0,0,2,0,0,0,0,0,0,0,0,824,0,0,0,0,0,0,190,0,0,0,1849,0,0,0,0,0
2022-09-04,0,0,0,0,0,0,0,0,0,0,0,1879,0,0,0,0,1599,0,0,0,0,0,0,214,0,0,0,0,0,0,27,0,0,0,0,0,0,0,0,406,0,0,0,0,0,0,0,0,0,0,1698,0,0,0,0,0
2022-09-05,0,0,5015,0,0,0,159,0,0,0,0,1332,0,0,0,0,636,1955,0,0,0,0,0,136,0,0,921,0,0,0,263,0,5427,1100,0,0,0,0,0,516,0,0,0,0,0,0,0,0,0,0,1004,0,0,0,0,0
2022-09-06,1066,9884,2194,0,0,3354,23614,1027,0,1382,13983,8691,0,0,620,0,2426,325,1161,349,7041,0,0,10775,0,5934,0,0,93,0,1296,0,1590,211,2769,3262,0,7661,0,429,592,5825,879,0,462,0,0,4283,32,48,0,73,0,2563,0,0
2022-09-07,2500,2635,21127,3666,0,1290,5344,346,0,974,0,3476,0,12041,0,20481,1226,854,2898,277,240,1183,5676,174,0,0,15988,13359,250,4218,584,432,1826,917,1020,1627,0,8193,963,1042,145,0,252,0,0,1097,445,1806,901,0,1181,15,123,983,27,49
2022-09-08,356,4079,1685,0,7339,1655,6903,435,2371,665,9882,3689,1540,0,0,0,2181,883,890,713,2100,0,0,285,6440,2122,0,0,60,0,633,0,618,766,412,1361,21731,0,0,1143,239,0,311,0,0,0,293,1796,18,0,1785,0,21,1025,0,0
2022-09-09,2685,3321,16365,0,0,1536,6325,313,0,707,4938,2452,0,0,334,0,2495,1044,1339,186,2277,0,3096,2453,0,0,0,0,109,159,6660,0,3734,653,0,1267,0,0,0,1148,221,0,308,963,0,0,275,1634,609,1013,2125,0,42,1099,0,0
2022-09-10,0,0,0,0,0,0,0,0,0,0,0,2195,0,0,0,0,0,0,0,0,0,0,0,0,0,0,0,0,0,0,0,0,0,0,0,0,0,0,0,775,0,0,0,0,0,0,257,0,0,0,0,0,0,0,0,0
2022-09-11,0,0,0,0,0,0,0,0,0,0,0,2418,0,0,208,0,4054,0,0,0,0,0,0,377,0,0,0,0,0,0,0,0,0,991,0,0,0,0,0,0,0,0,0,0,0,0,0,0,0,0,3416,0,0,0,0,0
2022-09-12,2249,6625,4503,0,0,2843,15520,0,0,1179,9114,9725,0,0,511,0,247,1307,1266,317,2077,0,2117,7810,0,2591,677,0,0,0,757,0,4402,237,1576,1886,0,0,0,620,569,0,773,0,0,0,0,2494,453,106,912,111,48,1883,8,0
2022-09-13,0,2476,1633,0,0,1331,1084,998,0,750,3595,2975,0,0,131,0,2681,930,2197,265,3306,0,0,183,0,2118,0,9106,0,0,236,0,2008,3110,1145,945,0,10062,0,841,147,3619,221,0,456,0,425,1572,23,0,356,0,0,717,0,0
2022-09-14,25,2913,1865,6119,0,1504,9303,255,0,666,3774,4815,0,9232,322,21189,2311,644,1014,0,1229,1269,2121,162,0,0,17506,0,349,4220,1404,542,1683,826,976,1022,0,8313,1173,1019,175,0,272,0,0,1207,364,1212,535,0,1068,0,66,765,0,0
2022-09-15,192,3111,22527,0,9004,1624,1580,0,2491,0,3368,2300,1564,0,260,0,2767,2112,1230,0,1524,0,0,135,6346,2413,0,0,100,0,388,0,1675,581,301,1076,20552,0,0,845,233,0,243,0,0,0,347,1042,22,0,1861,48,17,549,0,0
2022-09-16,4619,2478,2161,0,0,1333,10234,519,0,0,3095,7638,0,0,206,0,2487,757,1206,1197,1584,0,1788,132,0,0,0,0,78,0,6599,0,1832,1153,0,689,0,0,0,660,255,0,193,1014,0,0,316,1025,476,1178,1133,13,18,689,0,0
2022-09-17,0,0,0,0,0,0,0,0,0,0,0,3260,0,0,0,0,2111,0,0,0,0,0,0,59,0,0,0,0,0,0,0,0,0,0,0,0,0,0,0,665,0,0,0,0,0,0,234,0,0,0,394,0,0,0,0,0
2022-09-18,0,0,0,0,0,0,0,0,0,0,0,2274,0,0,0,0,1455,0,0,0,0,0,0,140,0,0,0,0,0,0,0,0,0,887,0,0,0,0,0,191,0,0,0,0,0,0,0,0,0,0,312,0,0,0,0,0
2022-09-19,2671,4474,3465,0,0,0,10636,0,0,0,6435,8767,0,0,0,0,1631,1382,984,388,1338,0,1554,8155,0,1776,1789,0,69,0,352,0,3821,474,973,1312,0,0,0,271,602,0,527,0,0,0,0,1636,485,142,0,34,0,1223,0,0
2022-09-20,0,2022,1552,0,0,3943,882,777,0,0,2700,3576,0,0,538,0,1829,803,1983,254,2315,0,0,57,0,1477,0,6693,307,152,636,0,1280,799,858,798,0,8519,0,635,148,3103,235,0,510,0,465,1174,37,0,0,18,60,442,11,0
2022-09-21,2101,3381,1597,3999,0,1508,6689,282,0,4544,2908,4961,0,7006,149,20284,3739,841,964,535,1092,1073,1957,27,0,0,16515,0,61,2498,610,558,1631,570,776,691,0,8382,956,756,216,0,288,0,0,756,251,1077,489,0,0,0,22,594,0,0
2022-09-22,145,5318,25790,0,10267,1406,646,196,1921,0,2758,6604,1824,0,450,0,2942,901,1090,0,1261,0,0,0,6678,1615,0,0,0,0,418,0,1641,1001,214,623,14536,0,0,775,252,0,283,0,0,0,374,858,34,0,380,26,14,461,0,0
2022-09-23,2582,2199,1660,0,0,1235,6811,169,0,0,2672,5963,0,0,346,0,3088,808,720,0,1269,0,1466,0,0,0,0,0,175,0,5581,0,1707,988,0,568,0,0,0,446,280,0,247,1020,0,0,299,0,465,1226,263,0,23,473,0,0
2022-09-24,0,0,0,0,0,0,0,0,0,0,0,2848,0,0,0,0,2805,0,0,0,0,0,0,0,0,0,0,0,0,0,1,0,0,0,0,0,0,0,0,394,0,0,0,0,0,0,287,0,0,0,1756,0,0,0,0,0
2022-09-25,0,0,0,0,0,0,0,0,0,0,0,2405,0,0,0,0,1505,0,0,0,0,0,0,87,0,0,0,0,0,0,0,0,0,1044,0,0,0,0,0,172,0,0,0,0,0,0,0,0,0,0,1106,0,0,0,0,0
2022-09-26,2732,3702,3165,0,0,0,6762,0,0,0,4888,8079,0,0,624,0,921,1299,1256,397,1122,0,1202,9005,0,1368,995,0,109,29,605,0,3023,265,720,798,0,0,0,142,602,0,491,0,0,0,0,2188,327,203,513,29,21,906,5,27
2022-09-27,0,1762,1323,0,0,3240,487,603,0,0,2581,3272,0,0,108,0,2601,919,1700,363,2333,0,0,0,0,1111,0,4635,160,0,284,0,1284,899,633,683,0,6199,0,545,165,1869,170,0,472,0,465,620,30,0,64,10,0,293,0,0
2022-09-28,2275,1621,1332,3402,0,1193,5019,244,0,4269,1975,4336,0,4597,216,16091,2511,844,889,0,663,12713,1463,0,0,0,14210,0,58,2721,321,603,1452,962,524,474,0,8479,732,499,215,0,287,0,0,614,358,651,551,0,624,6,0,334,0,0
2022-09-29,9,1836,25582,0,10340,1183,597,154,1882,0,1332,5701,1898,0,271,0,2650,1107,860,157,1086,0,0,0,6120,1222,0,0,80,40,352,0,1339,754,165,378,12101,0,0,343,200,0,266,0,0,0,278,772,19,0,3515,0,0,403,0,0
2022-09-30,2852,2108,1914,0,0,1040,5949,223,0,0,1069,5525,0,0,236,0,2524,897,852,196,1048,0,0,0,0,0,0,0,75,0,4274,0,1348,749,0,462,0,0,0,361,261,0,291,999,0,0,382,744,359,1180,997,0,67,385,0,0
2022-10-01,0,0,0,0,0,0,0,0,0,0,0,2643,0,0,0,0,2435,0,0,0,0,0,0,0,0,0,0,0,0,0,0,0,0,0,0,0,0,0,0,248,0,0,0,0,0,0,327,0,0,0,764,0,0,0,0,0
2022-10-02,0,0,0,0,0,0,0,0,0,0,0,2148,0,0,0,0,1753,0,0,0,0,0,0,71,0,0,0,0,0,0,0,0,0,1180,0,0,0,0,0,112,0,0,0,0,0,0,0,0,0,0,684,0,0,0,0,0
2022-10-03,2444,3655,2441,0,0,0,5606,0,0,0,3648,8204,0,0,525,0,1167,487,812,159,992,0,0,8302,0,1074,315,0,0,0,463,0,2484,265,549,610,0,0,0,119,476,0,555,0,0,0,0,1011,267,87,438,0,14,688,0,0
2022-10-04,393,1574,968,0,0,3376,364,0,0,0,1712,3033,0,0,169,0,1941,1638,1514,190,1609,0,0,50,0,861,0,4207,100,18,302,0,1191,867,483,395,0,4363,0,346,76,1614,241,0,437,0,563,659,22,0,271,33,0,274,0,0
2022-10-05,1349,1848,1040,3675,0,1348,3326,680,0,4237,1927,4157,0,4005,392,11971,2171,881,685,334,929,1237,3652,145,0,0,12116,0,28,1620,285,0,1440,680,656,363,0,8517,842,423,145,0,307,0,0,685,338,567,448,0,698,0,0,367,0,0
2022-10-06,577,2469,20784,0,9942,1186,453,193,1731,0,1478,5294,1781,0,0,0,2335,639,837,404,785,0,0,128,5968,0,0,0,18,0,301,606,1433,615,160,394,9997,0,0,435,394,0,274,0,0,0,323,608,13,0,979,15,0,286,0,0
2022-10-07,1578,1914,1829,0,0,1204,4018,155,0,0,1982,4436,0,0,490,0,2302,778,785,155,984,0,0,119,0,953,0,0,18,10,3472,0,1440,680,0,297,0,0,0,354,0,0,246,982,0,0,319,657,377,998,789,5,40,288,0,0
2022-10-08,0,0,0,0,0,0,0,0,0,0,0,2640,0,0,0,0,0,0,0,0,0,0,0,104,0,0,0,0,0,0,0,0,0,0,0,0,0,0,0,295,0,0,0,0,0,0,388,0,0,0,820,0,0,0,0,0
2022-10-09,0,0,0,0,0,0,0,0,0,0,0,2178,0,0,0,0,3716,0,0,0,0,0,0,97,0,0,0,0,0,0,0,0,0,0,0,0,0,0,0,100,0,0,0,0,0,0,0,0,0,0,759,0,0,0,0,0
2022-10-10,1875,53,0,0,0,0,4570,0,0,0,0,1713,0,0,0,0,1041,1147,0,0,0,0,0,7380,0,0,635,0,0,5,359,0,2514,1194,0,567,0,0,0,101,646,0,0,0,0,0,0,0,0,0,478,0,16,0,0,0
2022-10-11,283,4470,3172,0,0,3225,356,423,0,0,4986,9193,0,0,677,0,1672,851,719,429,2713,0,0,0,0,1004,0,3153,41,5,385,0,745,281,1045,415,0,3950,0,375,77,1359,860,0,470,0,1,1444,34,150,246,0,0,795,0,0
2022-10-12,1035,1810,834,2400,0,1431,4066,0,0,3306,1685,3863,0,3455,264,10021,1901,661,1974,272,685,1028,0,0,0,0,12621,0,41,2822,283,634,1344,1033,513,375,0,8598,624,270,172,0,317,0,0,564,637,494,675,0,619,26,0,327,0,0
2022-10-13,51,2272,21503,0,8964,1246,650,472,1506,0,1610,4812,1632,0,269,0,2132,778,706,274,1076,0,4377,0,5386,1815,0,0,36,0,292,0,1199,570,130,325,8535,0,0,386,120,0,341,0,0,0,468,420,43,0,961,5,0,276,0,6
2022-10-14,1844,1824,1222,0,0,1181,3774,0,0,0,1623,2764,0,0,248,0,1941,911,749,315,905,0,0,0,0,0,0,0,320,18,3091,0,1227,735,0,277,0,0,0,310,174,0,346,797,0,0,442,0,325,886,1101,2,48,249,0,1
2022-10-15,0,0,0,0,0,0,0,0,0,0,0,2185,0,0,0,0,0,0,0,0,0,0,0,0,0,0,0,0,0,0,0,0,0,0,0,0,0,0,0,280,0,0,0,0,0,0,311,0,0,0,0,0,0,0,0,0
2022-10-16,4,0,0,0,0,0,0,0,0,0,0,2186,0,0,0,0,2009,0,0,0,0,0,0,0,0,0,0,0,0,0,0,0,0,754,0,0,0,0,0,158,0,0,0,0,0,0,0,0,0,0,1936,0,0,0,0,0
2022-10-17,1238,4141,1570,0,0,0,4390,0,0,0,3353,10923,0,0,940,0,2596,1139,783,0,741,0,0,6225,0,1077,556,0,33,0,209,0,2656,280,534,0,0,0,0,77,464,0,743,0,0,0,0,1200,7,95,474,16,8,680,0,0
2022-10-18,6,1361,5,0,0,3375,336,0,0,0,1639,3148,0,0,116,0,1943,672,1550,144,1283,0,0,0,0,973,0,3166,0,0,88,0,942,1011,0,0,0,3799,0,391,81,0,266,0,397,0,573,472,4,0,159,0,0,224,0,0
2022-10-19,1542,633,2293,5438,0,1313,3218,956,0,3563,1692,3971,0,3765,480,0,1843,1058,689,0,65,2170,3080,0,0,0,10843,0,0,2625,79,663,1274,438,844,558,0,8615,631,433,160,0,352,0,0,355,478,392,682,0,938,20,0,310,0,0
2022-10-20,60,3014,16294,0,8377,1282,358,0,0,0,0,5130,1762,0,243,0,2164,938,757,0,0,0,0,0,4765,0,0,0,0,0,1030,0,1166,539,0,0,11097,0,0,361,152,0,451,0,0,0,349,502,52,0,0,3,0,255,0,0
2022-10-21,1967,2854,1064,0,0,1211,3162,0,1706,0,3467,4846,0,0,268,0,2085,914,689,0,0,0,0,0,0,0,0,0,287,13,3419,0,1104,495,0,0,0,0,0,323,169,1269,437,828,0,0,277,0,8,843,0,4,0,253,0,0
2022-10-22,0,0,0,0,0,0,0,0,0,0,0,2052,0,0,0,0,0,0,0,0,0,0,0,0,0,0,0,0,0,0,0,0,0,0,0,0,0,0,0,277,0,0,0,0,0,0,247,0,0,0,0,0,0,0,0,0
2022-10-23,0,0,0,0,0,0,0,0,0,0,0,1739,0,0,0,0,438,0,0,0,0,0,0,0,0,0,0,0,0,0,0,0,0,0,0,0,0,0,0,96,0,0,0,0,0,0,0,0,0,0,4702,0,0,0,0,0
2022-10-24,1255,4320,4175,0,0,0,3485,0,0,0,0,7734,0,0,497,0,3257,1464,676,0,0,0,0,4986,0,0,1448,0,0,0,439,0,2468,872,0,0,0,0,0,137,411,0,819,0,0,0,0,0,9,99,629,0,48,564,0,0
2022-10-25,258,1937,1082,0,0,3652,453,0,0,0,0,3187,0,0,136,0,1724,1007,1401,0,0,0,0,0,0,0,0,3093,0,0,351,0,1013,484,0,0,0,3500,0,319,87,0,416,0,412,0,489,0,3,0,409,22,0,221,0,0
2022-10-26,1043,2369,1263,4813,0,1391,3105,0,0,2306,0,4348,0,3188,276,16582,1755,891,619,0,5281,1313,4463,0,0,0,11779,0,0,2178,287,549,1206,501,1915,1567,0,0,719,305,138,1358,514,0,0,384,252,0,993,0,979,6,0,179,0,0
2022-10-27,372,1614,15815,0,8413,1285,402,0,2119,0,0,5680,1406,0,237,0,2029,779,906,0,0,0,0,0,5132,2797,0,0,0,0,319,0,1302,552,0,0,11663,0,0,339,195,0,546,0,0,0,239,2982,32,0,1415,0,0,293,0,0
2022-10-28,72,3439,1216,0,0,1135,4089,0,0,0,0,5229,0,0,287,0,2213,1019,859,2757,0,0,0,0,0,0,0,0,273,7,239,0,1548,1136,0,0,0,8667,0,282,140,0,489,899,0,0,275,0,7,675,1197,0,0,279,0,6
2022-10-29,0,0,0,0,0,0,0,0,0,0,0,2277,0,0,0,0,0,0,0,0,0,0,0,0,0,0,0,0,0,0,0,0,0,0,0,0,0,0,0,283,0,0,0,0,0,0,225,0,0,0,907,0,0,0,0,0
2022-10-30,0,0,0,0,0,0,0,0,0,0,0,1745,0,0,0,0,0,0,0,0,0,0,0,0,0,0,0,0,0,0,0,0,0,942,0,0,0,0,0,103,0,0,0,0,0,0,0,0,0,0,889,0,0,0,0,0
2022-10-31,2709,4979,2511,0,0,0,3727,127,0,0,0,8652,0,0,342,0,6373,1394,819,0,0,0,0,7425,0,0,573,0,0,0,639,0,2672,156,0,0,0,0,0,173,393,0,1040,0,0,0,0,0,11,68,807,0,84,738,0,0
2022-11-01,261,1938,826,0,0,3397,397,126,0,0,0,2981,0,0,161,0,1557,1114,1584,0,0,0,0,0,0,0,0,3467,0,0,5144,0,1065,412,0,0,0,2943,0,370,83,0,482,0,422,0,334,0,9,0,0,0,0,237,0,0
2022-11-02,79,1747,1389,5129,0,1164,2911,40,0,2505,0,3814,0,3929,200,8735,2107,1230,701,0,6893,996,5143,0,0,0,12465,0,0,2358,246,514,1094,414,1827,1946,0,0,832,405,134,1336,593,0,0,366,378,0,972,0,1203,0,0,311,41,0
2022-11-03,400,3119,16848,0,6200,1356,640,89,2410,0,0,5363,1306,0,227,0,2392,765,896,1741,0,0,0,0,5038,2894,0,0,332,0,225,0,1199,462,0,0,12262,8708,0,290,151,0,764,0,0,0,221,0,65,0,1400,0,0,313,0,0
2022-11-04,0,2467,1506,0,0,1214,3667,902,0,0,23157,5306,0,0,202,0,1973,1498,835,0,0,0,0,0,0,0,0,0,0,23,119,0,1294,409,0,0,0,0,0,367,162,0,622,967,0,0,209,0,6,773,1213,77,0,391,0,0
2022-11-05,59,0,0,0,0,0,0,0,0,0,0,2175,0,0,0,0,0,0,0,0,0,0,0,0,0,0,0,0,0,0,0,0,0,0,0,0,0,0,0,0,0,0,0,0,0,0,183,0,0,0,1312,0,0,0,0,0
2022-11-06,0,0,0,0,0,0,0,0,0,0,0,1928,0,0,0,0,2528,0,0,0,0,0,0,0,0,0,0,0,0,0,0,0,0,744,0,0,0,0,0,478,0,0,0,0,0,0,0,0,0,0,961,0,0,0,0,0
2022-11-07,28,4754,2976,0,0,0,3979,160,0,0,0,10005,0,0,459,0,1677,1840,872,0,0,0,0,5808,0,0,636,0,0,0,123,0,2649,191,0,0,0,0,0,143,390,0,1284,0,0,0,0,0,13,93,599,25,0,588,0,0
2022-11-08,800,0,1480,0,0,3541,348,92,0,0,0,1536,0,0,123,0,0,1463,0,0,0,0,0,0,0,0,0,4173,0,0,3581,0,971,387,0,0,0,0,0,421,0,0,750,0,500,124,335,0,9,0,403,0,104,0,0,0
2022-11-09,3288,4080,2671,7360,0,1085,3527,94,0,3116,0,6256,0,4381,233,9365,3569,1219,1761,0,7002,1216,5311,0,0,0,11572,0,0,2606,88,429,954,485,1863,2321,0,1248,871,435,250,1369,893,0,0,0,232,0,1123,0,903,22,0,488,0,0
2022-11-10,430,2204,18844,0,6400,1064,885,487,3381,0,0,5736,1305,0,205,0,2135,919,1350,2771,0,0,0,0,5200,3349,0,0,441,10,118,0,1243,462,0,0,10865,8744,0,283,131,0,889,0,0,0,183,6042,55,0,1536,10,0,243,0,0
2022-11-11,0,0,2,0,0,999,224,1245,0,0,0,1805,0,0,0,0,0,888,0,0,0,0,0,0,0,0,0,0,0,0,988,0,1145,1201,0,0,0,0,0,438,0,0,0,922,0,0,180,0,0,0,1287,0,0,0,0,0
2022-11-12,0,0,0,0,0,0,0,0,0,0,0,1613,0,0,0,0,0,0,0,0,0,0,0,0,0,0,0,0,0,0,0,0,0,0,0,0,0,0,0,154,0,0,0,0,0,0,0,0,0,0,808,0,0,0,0,0
2022-11-13,0,0,0,0,0,0,0,0,0,0,0,1412,0,0,0,0,0,0,0,0,0,0,0,0,0,0,0,0,0,0,0,0,0,441,0,0,0,0,0,101,0,0,0,0,0,0,0,0,0,0,0,0,0,0,0,0
2022-11-14,0,6996,4589,0,0,0,7828,215,0,0,0,11348,0,30,389,0,4841,2715,744,0,0,0,0,3640,0,0,453,0,0,0,167,0,1887,115,0,0,0,0,0,89,435,0,1889,0,0,0,0,0,14,827,1027,0,0,683,0,0
2022-11-15,798,1850,1582,0,0,2908,333,101,0,0,0,3462,0,0,121,0,1803,1963,1907,0,0,0,0,0,0,0,0,2954,0,0,3448,0,1009,846,0,0,0,4064,0,398,53,1044,807,0,472,442,359,0,12,0,0,0,100,228,0,0
2022-11-16,3595,2203,3146,10775,0,1107,3783,0,0,3355,0,3940,0,3656,132,6795,1972,0,674,0,6347,1019,5478,0,0,0,9500,0,0,2419,628,305,988,390,1980,1873,0,0,953,374,157,0,839,0,0,0,138,1898,1164,0,1859,0,0,227,0,0
2022-11-17,449,2764,25614,0,5215,950,476,435,2791,0,0,5572,1125,0,120,0,2257,1417,747,2064,0,0,0,0,5115,3266,0,0,268,0,477,0,922,388,0,0,10170,8796,0,285,111,0,818,0,0,0,129,0,41,0,0,0,0,234,0,5
2022-11-18,98,1806,2322,0,0,1032,3396,1318,0,0,23486,4859,0,0,117,0,1738,1641,728,0,0,0,0,0,0,0,0,0,0,50,107,0,1059,538,0,0,0,0,0,299,115,0,854,809,0,0,101,0,9,795,3196,0,0,215,0,0
2022-11-19,0,0,0,0,0,0,0,0,0,0,0,1872,0,0,0,0,0,0,0,0,0,0,0,0,0,0,0,0,0,0,0,0,0,0,0,0,0,0,0,182,0,0,0,0,0,0,127,0,0,0,1316,0,0,0,0,0
2022-11-20,0,0,24,0,0,0,0,0,0,0,0,1437,0,0,0,0,0,0,0,0,0,0,0,0,0,0,0,0,0,0,0,0,0,550,0,0,0,0,0,108,0,0,0,0,0,0,0,0,0,0,1120,0,0,0,0,0
2022-11-21,0,5538,4913,0,0,0,4459,196,0,0,0,8103,0,40,333,0,4016,2641,750,0,0,0,0,6817,0,0,491,0,0,307,369,0,2000,151,0,0,0,0,0,159,308,0,1532,0,0,0,0,0,11,82,0,0,0,448,0,0
2022-11-22,1032,2088,1805,0,0,3117,336,105,0,0,0,2860,0,0,86,0,1638,1660,1427,0,0,0,0,0,0,0,0,3064,0,0,4023,0,884,420,0,0,0,8933,0,375,72,0,622,0,588,430,234,0,20,0,1152,0,150,206,0,0
2022-11-23,4372,2746,3075,13410,5266,825,4587,114,0,3554,0,3421,1126,3918,161,6166,1504,1360,641,0,5703,1157,5925,0,6567,0,9561,0,0,2551,351,299,1245,1117,0,2868,9424,0,846,337,111,0,753,0,0,0,124,2872,1373,0,1006,0,0,249,0,0
2022-11-24,0,0,26241,0,0,1524,154,0,0,0,0,2362,0,0,0,0,0,0,0,0,0,0,0,0,0,1995,0,0,0,0,0,0,1138,636,0,0,0,0,0,451,0,0,0,0,0,0,134,0,0,0,1395,0,0,0,0,0
2022-11-25,0,0,5209,0,0,663,0,303,4830,0,0,1735,0,0,0,0,3943,0,0,2209,1184,0,0,0,0,0,0,0,567,0,0,0,778,229,2302,0,0,0,0,127,0,0,0,764,0,0,0,0,12,864,0,0,0,0,0,0
2022-11-26,0,0,0,0,0,0,0,0,0,0,0,1001,0,0,0,0,0,0,0,0,0,0,0,0,0,0,0,0,0,0,0,0,0,0,0,0,0,0,0,189,0,0,0,0,0,0,0,0,0,0,0,0,0,0,0,0
2022-11-27,0,0,0,0,0,0,0,0,0,0,0,1384,0,0,0,0,0,1976,0,0,0,0,0,0,0,0,0,0,0,0,0,0,0,1082,0,0,0,0,0,351,0,0,0,0,0,0,0,0,0,0,2036,0,0,0,0,0
2022-11-28,0,8332,5397,0,0,0,9647,1609,0,0,0,13014,0,0,536,0,3825,2264,731,0,0,0,0,4005,0,0,517,0,0,66,391,0,2222,154,0,0,0,0,0,162,525,1375,2184,0,0,0,0,0,12,115,0,0,0,865,0,0
2022-11-29,1054,2528,2528,0,0,3345,507,166,0,0,0,6033,0,0,133,0,2283,1442,2608,0,0,0,0,0,0,0,0,3028,0,0,5210,0,1654,729,0,0,0,8831,0,604,138,1834,848,0,499,397,470,0,21,0,694,0,0,289,0,0
2022-11-30,4614,5730,4743,12987,0,1671,7916,0,0,3914,0,6977,0,5908,223,6842,3009,1552,793,0,3826,989,6335,0,0,0,10213,0,0,3370,462,335,1832,841,2698,2651,0,0,1108,641,247,0,900,0,0,0,243,4186,1388,0,2329,0,141,327,0,0
2022-12-01,0,4634,33196,0,5830,1443,1591,288,0,0,0,9509,1068,0,237,0,2580,1331,1298,2660,0,0,0,0,5222,6177,0,0,291,17,175,0,1801,694,2,0,16091,0,0,771,218,0,768,0,0,0,192,0,79,0,0,0,0,394,0,1
2022-12-02,0,3250,4982,0,0,1445,622,1481,4396,0,30932,8059,0,0,283,0,2855,1753,1252,0,0,0,0,0,0,0,0,0,0,44,711,0,1910,1071,0,0,0,0,0,754,231,0,650,1092,0,0,179,0,18,834,4370,0,0,292,0,0
2022-12-03,0,0,0,0,0,0,0,0,0,0,0,2811,0,0,0,0,0,0,0,0,0,0,0,0,0,0,0,0,0,0,0,0,0,0,0,0,0,0,0,461,0,0,0,0,0,0,134,0,0,0,1456,0,0,0,0,0
2022-12-04,0,0,0,0,0,0,0,0,0,0,0,1858,0,0,0,0,0,0,0,0,0,0,0,0,0,0,0,0,0,0,0,0,0,907,0,0,0,0,0,163,0,0,0,0,0,0,0,0,0,0,1678,0,0,0,0,0
2022-12-05,0,7585,10043,0,0,0,535,507,0,0,0,11901,0,0,354,0,5409,2252,996,0,0,0,0,5757,0,0,846,0,0,0,695,0,3136,280,0,0,0,0,0,170,480,0,1591,0,0,0,0,0,18,93,862,0,0,590,0,0
2022-12-06,1022,3084,3367,0,0,3860,668,116,0,0,0,5125,0,0,133,0,2405,1209,2184,0,0,0,0,0,0,0,0,6787,0,0,5968,0,1571,824,0,0,0,2989,0,686,94,3379,568,0,770,494,334,0,8,0,410,0,130,253,0,0
2022-12-07,5714,4010,5109,15983,0,1572,27918,135,0,4495,0,5900,0,0,272,11605,3051,1131,878,0,9635,1351,11535,0,0,0,13090,0,0,4076,418,444,1718,648,3469,4453,0,0,1089,589,155,0,636,0,0,0,193,5807,1513,0,1244,163,0,331,0,0
2022-12-08,0,3284,57021,0,8694,1545,0,1290,3187,0,0,8178,1801,9700,175,0,3010,1117,1034,4224,0,0,0,0,6359,6205,0,0,436,0,175,0,1845,695,2,0,16061,0,0,681,226,0,741,0,0,0,264,0,57,0,2053,19,0,298,15,1
2022-12-09,0,3527,3894,0,0,1297,766,1599,0,0,0,7526,0,0,205,0,2941,1302,1142,0,0,0,0,0,0,0,0,0,0,82,651,0,1877,715,0,0,0,0,0,733,207,0,703,1033,0,0,202,0,9,1036,1816,6,0,290,0,0
2022-12-10,0,0,0,0,0,0,45,0,0,0,0,2609,0,0,0,0,0,0,0,0,0,0,0,0,0,0,0,0,0,0,0,0,0,0,0,0,0,0,0,506,0,0,0,0,0,0,214,0,0,0,1681,0,0,0,0,0
2022-12-11,0,0,0,0,0,0,0,0,0,0,0,2707,0,0,0,0,0,0,0,0,0,0,0,0,0,0,0,0,0,0,0,0,0,850,0,0,0,0,0,231,0,0,0,0,0,0,0,0,0,0,1497,0,0,0,0,0
2022-12-12,0,8667,7787,0,0,0,678,295,0,0,0,12790,0,0,451,0,6211,1688,1122,0,0,0,0,4965,0,0,780,0,0,0,744,0,4026,757,0,0,0,0,0,177,401,0,1062,0,0,0,0,0,7,86,936,0,0,718,0,0
2022-12-13,862,3328,2365,0,0,4231,654,155,0,0,0,5178,0,0,192,0,2826,965,2297,0,0,0,0,571,0,0,0,6480,0,0,6285,0,1722,735,0,0,0,12987,0,844,95,3255,434,0,503,339,309,0,7,0,230,22,114,287,0,0
2022-12-14,5891,3853,4237,11550,0,1663,28372,110,0,3981,0,5540,0,9819,331,13190,2730,1179,1044,0,9091,1160,9725,0,0,0,13058,0,0,3925,407,436,2296,901,3702,4724,0,0,923,640,211,0,425,0,0,0,274,6465,1244,0,1596,14,0,381,0,0
2022-12-15,0,4949,50418,0,9857,1480,42,1100,3253,0,0,8387,1919,0,279,0,3361,964,1219,3014,0,0,0,0,5744,5579,0,0,582,0,403,0,2133,952,0,0,16719,0,0,811,203,0,436,0,0,0,244,0,7,0,2275,10,0,413,0,1
2022-12-16,0,2572,3392,0,0,1412,370,1870,0,0,42553,7856,0,0,249,0,2876,1013,1055,0,0,0,0,0,0,0,0,0,0,216,404,0,2202,697,0,0,0,0,0,550,0,0,424,931,0,0,203,0,67,989,1863,0,0,430,0,0
2022-12-17,0,0,0,0,0,0,0,0,0,0,0,2908,0,0,0,0,0,0,0,0,0,0,0,0,0,0,0,0,0,0,0,0,0,0,0,0,0,0,0,467,0,0,0,0,0,0,189,0,0,0,1365,0,0,0,0,0
2022-12-18,0,0,0,0,0,0,0,0,0,0,0,2416,0,0,0,0,0,0,0,0,0,0,0,0,0,0,0,0,0,0,0,0,0,1270,0,0,0,0,0,218,0,0,0,0,0,0,0,0,0,0,2016,0,0,0,0,0
2022-12-19,0,9118,6775,0,0,0,570,487,0,0,0,13576,0,0,558,0,6876,1926,1371,0,0,0,0,6575,0,0,887,0,0,0,705,0,4638,338,0,0,0,0,0,178,0,0,715,0,0,0,0,0,13,124,865,13,0,920,9,0
2022-12-20,357,2493,787,0,0,4006,987,0,0,0,0,5122,0,0,117,0,2980,1233,2277,0,0,0,0,578,0,0,0,8558,0,0,6340,0,2133,1421,0,0,0,14287,0,781,0,0,330,0,383,378,307,0,6,0,426,20,161,363,0,0
2022-12-21,6148,5219,3221,8281,0,1533,29399,565,0,3613,0,6083,0,11284,348,16676,2822,1385,1615,0,10188,1148,9236,0,0,0,13719,0,0,3877,417,374,2745,565,3492,25438,0,0,624,840,1104,4413,388,0,0,0,235,7377,1279,0,1020,9,23,511,0,0
2022-12-22,705,3230,70402,0,10867,1460,0,444,2882,0,0,8542,1953,0,293,0,3892,916,1045,2473,0,0,0,0,5879,6340,0,0,1000,0,459,0,2784,755,1,0,17891,0,0,614,0,0,399,0,0,0,274,0,4,0,2522,7,0,497,0,1
2022-12-23,0,3752,2940,0,0,1091,0,1575,0,0,0,7912,0,0,269,0,3299,721,1261,0,0,0,0,0,0,0,0,0,0,25,240,0,2650,1262,0,0,0,0,0,540,0,0,304,713,0,0,140,0,5,915,1750,6,0,0,0,0
2022-12-24,0,0,0,0,0,0,0,0,0,0,0,3039,0,0,0,0,0,0,0,0,0,0,0,0,0,0,0,0,0,0,0,0,0,0,0,0,0,0,0,293,0,0,0,0,0,0,154,0,0,0,1437,0,0,0,0,0
2022-12-25,0,0,11,0,0,0,0,0,0,0,0,2229,0,0,0,0,0,0,0,0,0,0,0,0,0,0,0,0,0,0,0,0,0,1209,0,0,0,0,0,0,0,0,0,0,0,0,0,0,0,0,0,0,0,0,0,0
2022-12-26,0,0,0,0,0,0,0,0,0,0,0,1380,0,0,0,0,0,1484,0,0,0,0,0,0,0,0,776,0,0,0,0,0,4935,262,0,0,0,0,0,395,0,0,0,0,0,0,0,0,0,0,0,0,0,0,0,0
2022-12-27,0,6562,6958,0,0,2475,0,204,0,0,0,13350,0,0,633,0,7996,276,1,0,0,0,0,9156,0,0,0,9855,0,36,6055,0,1233,290,0,0,0,10798,0,308,0,4075,902,0,266,325,3,0,4,115,2148,0,118,1466,0,0
2022-12-28,4537,2754,2186,4973,0,1340,32775,0,0,2582,0,3275,0,10461,203,0,2995,987,3573,0,9473,1071,6507,0,0,0,12189,0,0,2711,365,362,2435,1191,2145,6406,0,0,423,732,1307,0,322,0,0,0,381,0,1025,0,795,30,0,461,0,0
2022-12-29,0,3347,41210,0,9919,1347,0,220,2249,0,0,6307,0,0,291,0,3456,828,1691,2001,0,0,0,0,5721,5892,0,0,0,0,401,0,3134,780,3,0,13047,0,0,938,0,0,326,0,0,0,231,4703,28,0,1385,5,0,633,0,0
2022-12-30,0,3289,3527,0,0,1241,0,1270,0,0,0,7895,0,0,299,0,3654,861,1573,0,0,0,0,0,0,0,0,0,0,0,378,0,3082,985,0,0,0,0,0,882,0,0,366,540,0,0,214,0,4,693,1891,0,0,547,0,0
2022-12-31,0,0,0,0,0,0,0,0,0,0,0,3110,0,0,0,0,0,0,0,0,0,0,0,0,0,0,0,0,0,0,0,0,0,0,0,0,0,0,0,669,0,0,0,0,0,0,218,0,0,0,1525,0,0,0,0,0
2023-01-01,0,0,57,0,0,0,0,0,0,0,0,2426,0,0,0,0,0,0,0,0,0,0,0,0,0,0,0,0,0,0,0,0,0,1323,0,0,0,0,0,254,0,0,0,0,0,0,0,0,0,0,0,0,0,0,0,0
2023-01-02,0,0,0,0,0,0,0,0,0,0,0,1847,0,0,0,0,0,1375,0,0,0,0,0,0,0,0,706,0,0,0,0,0,6430,337,0,0,0,0,0,198,0,0,0,0,0,0,0,0,0,0,0,0,0,0,0,0
2023-01-03,0,5086,6903,0,0,2881,0,218,0,0,0,14541,0,0,965,0,11974,313,1281,0,0,0,0,3532,0,0,0,0,0,0,5418,56,1919,385,0,0,0,9720,0,342,0,5778,832,0,304,364,1,0,6,100,2150,0,211,1402,0,0
2023-01-04,5525,56,2234,6187,0,1107,40273,60,0,2818,0,4035,0,13483,231,42982,2239,705,3426,0,11431,1290,7414,0,0,0,15013,10590,0,2814,830,386,2635,2106,2256,7090,0,0,511,762,1263,0,258,0,0,0,427,13587,1060,0,532,0,0,551,0,0
2023-01-05,0,5989,43883,0,11949,1253,0,51,2222,0,0,7087,4561,0,365,0,3632,691,1333,0,0,0,0,0,4718,5660,0,0,933,0,270,0,3083,854,0,0,13895,0,0,799,0,0,278,0,0,0,297,0,54,0,1382,0,0,591,0,0
2023-01-06,0,38,2125,0,0,1112,0,1080,0,0,80749,7891,0,0,265,0,4250,730,1423,0,0,0,1737,0,0,0,0,0,0,0,232,0,2883,516,0,0,0,0,0,641,0,0,301,509,0,0,305,0,1,785,1511,0,0,510,0,0
2023-01-07,0,0,0,0,0,0,0,0,0,0,0,2898,0,0,0,0,0,0,0,0,0,0,0,0,0,0,0,0,0,0,0,0,0,0,0,0,0,0,0,449,0,0,0,0,0,0,260,0,0,0,0,0,0,0,0,0
2023-01-08,0,0,17,0,0,0,0,0,0,0,0,2210,0,0,0,0,0,0,0,0,0,0,0,0,0,0,0,0,0,0,0,0,0,1554,0,0,0,0,0,144,0,0,0,0,0,0,0,0,0,0,2016,0,0,0,159,0
2023-01-09,0,135,5135,0,0,0,0,132,0,0,0,11775,0,0,560,0,8706,1000,1460,0,0,0,0,6208,0,0,1417,0,0,20,267,0,5274,244,0,0,0,0,0,194,0,0,594,0,0,0,0,0,3,81,425,108,0,820,0,0
2023-01-10,0,28,1435,0,0,2767,0,47,0,0,0,3939,0,0,168,0,1087,648,2964,0,0,0,0,0,0,0,0,11284,0,0,3839,0,2135,1031,0,0,0,9870,0,577,0,0,277,0,234,466,413,0,3,0,225,30,224,306,0,0
2023-01-11,5595,36,2591,7374,0,932,36003,61,0,2501,0,4347,0,12530,410,22624,2486,578,899,0,11924,1321,0,2504,0,0,13813,0,0,2317,891,463,1802,838,2203,6849,0,0,523,573,986,0,247,0,0,0,252,8925,903,0,1509,44,0,361,0,0
2023-01-12,0,67,34279,0,11192,908,0,51,1955,0,0,5945,2353,0,201,0,3125,731,1000,4117,0,0,6067,0,3494,5637,0,0,455,0,256,0,1815,465,1,0,10188,0,0,532,0,0,241,0,0,0,210,0,26,0,1499,45,0,332,0,43
2023-01-13,0,9602,1593,0,0,863,0,1115,0,0,0,5339,0,0,217,0,3170,478,1073,0,0,0,0,0,0,0,0,0,0,0,284,0,1910,754,0,0,0,0,0,403,0,0,217,612,0,0,198,0,2,689,1843,36,0,329,0,0
2023-01-14,0,0,0,0,0,0,0,0,0,0,0,2030,0,0,0,0,0,0,0,0,0,0,0,0,0,0,0,0,0,0,0,0,0,0,0,0,0,0,0,324,0,0,0,0,0,0,223,0,0,0,1327,0,0,0,0,0
2023-01-15,0,0,14,0,0,0,0,0,0,0,0,1618,0,0,0,0,0,0,0,0,0,0,0,0,0,0,0,0,0,0,0,0,0,897,0,0,0,0,0,129,0,0,0,0,0,0,0,0,0,0,1077,0,0,0,0,0
2023-01-16,0,0,0,0,0,0,0,0,0,0,0,1260,0,0,0,0,0,894,0,0,0,0,0,0,0,0,754,0,0,0,79,0,3935,502,0,0,0,0,0,141,0,0,0,0,0,0,0,0,0,0,843,0,0,0,0,0
2023-01-17,0,7170,3185,0,0,2069,0,157,0,0,0,10335,0,1,614,0,6960,269,829,0,0,0,0,8280,0,0,0,0,0,12,4288,43,1092,251,0,0,0,9587,0,331,0,0,481,0,201,649,3,0,3,65,701,0,181,885,0,0
2023-01-18,4605,10803,1454,2751,0,765,26485,69,0,2105,0,3585,0,8207,172,15741,2326,453,2506,0,8872,1043,2960,0,0,0,10291,8033,0,1931,251,346,1791,882,1687,5205,0,0,464,459,0,9662,185,0,0,0,444,6742,642,0,711,144,0,389,0,0
2023-01-19,0,58,23071,0,8399,869,0,42,1066,0,0,5416,1998,0,215,0,2450,319,848,1263,0,0,0,0,2646,4475,0,0,555,0,230,0,1898,736,0,0,7961,0,0,398,946,0,165,0,0,0,295,0,11,0,1240,52,0,307,0,0
2023-01-20,0,45,1163,0,0,667,1529,626,0,0,50242,2206,0,0,196,0,2614,606,698,0,16217,0,0,0,0,0,0,0,0,0,197,0,1844,571,0,0,0,0,0,570,0,0,167,466,0,0,232,0,4,439,1186,41,0,307,0,0
2023-01-21,0,0,0,0,0,0,0,0,0,0,0,1904,0,0,0,0,0,0,0,0,0,0,0,0,0,0,0,0,0,0,0,0,0,0,0,0,0,0,0,367,0,0,0,0,0,0,202,0,0,0,0,0,0,0,0,0
2023-01-22,0,0,55,0,0,0,0,0,0,0,0,1538,0,0,0,0,0,0,0,0,0,0,0,0,0,0,0,0,0,0,0,0,0,919,0,0,0,0,0,106,0,0,0,0,0,0,0,0,0,0,2335,0,0,0,0,0
2023-01-23,0,49,2230,0,0,0,0,111,0,0,0,11293,0,12,358,0,5071,786,1099,0,0,0,0,5078,0,0,925,0,0,13,137,0,3489,160,0,0,0,0,0,124,0,0,364,0,0,0,0,0,0,75,345,93,0,600,0,0
2023-01-24,0,22,966,0,0,2055,0,43,0,0,0,3256,0,0,108,0,2086,464,2049,0,0,0,0,0,0,0,0,7053,0,13,2557,0,1589,655,0,0,0,6554,0,527,0,0,205,0,188,644,284,0,9,0,68,0,128,250,0,0
2023-01-25,4797,0,1229,3554,0,787,24402,14,0,2174,0,3468,0,7641,191,14381,2103,537,959,0,8108,1033,4031,0,0,0,10015,0,0,2328,72,503,1649,495,1566,5019,0,0,575,362,789,0,156,0,0,0,209,7644,636,0,1497,63,0,296,0,0
2023-01-26,0,10826,18947,0,7156,704,0,61,1281,0,0,4674,1654,0,140,0,2490,486,967,1419,0,0,0,0,5341,4691,0,0,443,0,827,0,1779,427,0,0,8155,0,0,306,0,3902,175,0,0,0,226,0,26,0,1389,35,0,325,0,0
2023-01-27,0,36,1263,0,0,687,0,610,0,0,0,1883,0,0,0,0,2304,845,857,0,0,0,0,0,0,0,0,0,0,0,263,0,1576,433,2,0,0,0,0,354,0,0,156,770,0,0,221,0,0,447,1087,15,0,354,0,8
2023-01-28,0,0,0,0,0,0,0,0,0,0,0,1761,0,0,0,0,0,0,0,0,0,0,0,0,0,0,0,0,0,0,1,0,0,0,0,0,0,0,0,294,0,0,0,0,0,0,144,0,0,0,0,0,0,0,0,0
2023-01-29,0,0,17,0,0,0,0,0,0,0,0,1499,0,0,0,0,0,0,0,0,0,0,0,0,0,0,0,0,0,0,0,0,0,874,0,0,0,0,0,113,0,0,0,0,0,0,0,0,0,0,1921,0,0,0,0,0
2023-01-30,0,63,0,0,0,0,0,75,0,0,0,8792,0,29,0,0,6392,861,789,0,0,0,0,6911,0,0,826,0,0,13,367,0,3446,143,0,0,0,0,0,135,0,0,353,0,0,0,0,0,0,75,493,37,0,649,0,0
2023-01-31,0,21,2927,0,0,2159,0,0,0,0,0,2594,0,0,89,0,0,413,1502,0,0,0,0,0,0,0,0,5939,0,0,2684,0,1304,507,0,0,0,6009,0,357,0,3303,130,0,0,784,309,0,3,0,237,0,141,256,0,0
2023-02-01,0,26,1583,3087,0,785,22525,64,0,2564,0,3090,0,7774,518,13247,2163,533,710,0,8605,756,4490,0,0,0,9443,0,0,1946,383,478,1348,569,1493,10232,0,0,747,129,975,0,210,0,0,0,178,7315,677,0,711,0,0,312,0,0
2023-02-02,5575,9998,19796,0,0,707,0,45,1250,0,0,4269,1630,0,342,0,1988,386,590,0,0,0,0,0,4307,4435,0,0,0,0,195,0,1455,356,0,0,8260,0,0,214,0,0,189,0,0,0,237,0,38,0,1002,60,0,279,0,0
2023-02-03,0,29,1450,0,7164,628,0,726,0,0,39903,4003,0,0,0,0,1972,665,831,1272,0,0,0,0,0,0,0,0,413,0,166,0,1400,467,19,0,0,0,0,348,0,0,185,840,0,0,194,0,1,534,845,12,0,305,0,3
2023-02-04,0,0,0,0,0,0,0,0,0,0,0,1635,0,0,0,0,0,0,0,0,0,0,0,0,0,0,0,0,0,0,0,0,0,0,0,0,0,0,0,341,0,0,0,0,0,0,220,0,0,0,700,0,0,0,0,0
2023-02-05,0,0,3,0,0,0,0,0,0,0,0,1210,0,0,0,0,0,0,0,0,0,0,0,0,0,0,0,0,0,0,1,0,0,805,0,0,0,0,0,91,0,0,0,0,0,0,0,0,0,0,608,0,0,0,0,0
2023-02-06,0,49,2171,0,0,0,0,84,0,0,0,4984,0,0,0,0,5568,866,840,0,0,0,0,5556,0,0,0,0,0,15,361,0,2791,137,0,0,0,0,0,89,0,0,320,0,0,0,0,0,9,97,273,25,0,545,0,0
2023-02-07,0,20,1117,0,0,2061,0,49,0,0,0,1849,0,0,664,0,1676,491,1615,0,0,0,0,0,0,0,0,5588,0,0,2930,0,1277,475,0,0,0,5788,0,364,0,3230,153,0,1078,689,363,0,7,0,54,20,76,258,0,0
2023-02-08,5513,29,1086,3099,0,868,20188,56,0,2612,0,2494,0,6687,0,12470,2043,588,626,0,10025,736,4420,0,0,0,11154,0,0,1939,234,317,1256,405,1498,6972,0,0,996,500,1026,0,179,0,0,0,195,9820,821,0,1000,20,0,320,0,0
2023-02-09,0,10098,20405,0,5566,802,0,77,1367,0,0,3623,1321,0,452,0,2015,618,748,1236,0,0,0,0,4494,3384,0,0,420,0,168,0,1200,348,0,0,8833,0,0,219,0,0,235,0,0,0,267,0,26,0,788,0,0,289,0,0
2023-02-10,0,45,1471,0,0,663,0,845,0,0,0,3138,0,0,0,0,1521,689,705,0,0,0,0,0,0,0,0,0,0,0,242,0,1348,316,0,0,0,0,0,305,0,0,136,847,0,0,186,0,6,681,747,0,0,251,0,0
2023-02-11,0,0,0,0,0,0,0,0,0,0,0,1426,0,0,0,0,0,0,0,0,0,0,0,0,0,0,0,0,0,0,0,0,0,0,0,0,0,0,0,238,0,0,0,0,0,0,239,0,0,0,0,0,0,0,0,0
2023-02-12,0,0,0,0,0,0,0,0,0,0,0,1122,0,0,0,0,0,0,0,0,0,0,0,0,0,0,0,0,0,0,35,0,0,598,0,0,0,0,0,56,0,0,0,0,0,0,0,0,0,0,1293,23,0,0,0,0
2023-02-13,0,42,2309,0,0,0,0,124,0,0,0,4226,0,0,0,0,4364,970,698,0,0,0,0,6567,0,0,720,0,0,35,419,0,2493,130,0,0,0,0,0,0,0,0,195,0,0,0,0,0,6,129,297,13,69,662,0,0
2023-02-14,0,0,1183,0,0,2093,0,0,0,0,0,1962,0,0,635,0,962,492,1533,0,0,0,0,0,0,0,0,4867,0,0,3255,0,1016,168,0,0,0,6859,0,313,0,0,308,0,254,781,237,0,10,0,106,5,0,487,0,0
2023-02-15,4909,116,1222,3379,0,783,18066,128,0,2693,0,2509,0,6211,0,11714,1480,565,522,0,8420,616,4846,0,0,0,10493,0,0,2029,436,492,1065,499,1625,5147,0,0,983,368,0,3594,200,0,0,0,0,6073,905,0,619,0,0,207,0,0
2023-02-16,0,10641,21321,0,5478,914,0,78,1548,0,0,2935,1094,0,304,0,1595,582,650,1271,0,0,0,0,4967,3256,0,0,370,0,237,0,1151,409,1,0,8999,0,0,345,1042,0,187,0,0,0,0,0,32,0,656,0,0,449,0,0
2023-02-17,0,24,1087,0,0,635,0,1005,0,0,33049,2501,0,0,0,0,2727,189,607,0,0,0,0,0,0,0,0,0,0,0,180,0,1110,229,0,0,0,0,0,307,0,0,171,753,0,0,0,0,2,563,596,15,0,341,0,0
2023-02-18,0,0,0,0,0,0,0,0,0,0,0,2397,0,0,0,0,0,0,0,0,0,0,0,0,0,0,0,0,0,0,0,0,0,0,0,0,0,0,0,1034,0,0,0,0,0,0,0,0,0,0,640,0,0,0,0,0
2023-02-19,0,0,43,0,0,0,0,0,0,0,0,1112,0,0,0,0,0,488,0,0,0,0,0,0,0,0,0,0,0,0,0,0,0,556,0,0,0,0,0,75,0,0,0,0,0,0,0,0,0,0,533,0,0,0,0,0
2023-02-20,0,0,0,0,0,0,0,0,0,0,0,857,0,0,0,0,0,1027,0,0,0,0,0,3729,0,0,410,0,0,0,70,0,1887,75,0,0,0,0,0,77,0,0,0,0,0,0,0,0,0,0,315,0,0,0,0,0
2023-02-21,0,101,2734,0,0,2059,0,156,0,0,0,6535,0,0,0,0,2908,455,537,0,0,0,0,0,0,0,0,0,0,56,3366,0,613,125,0,0,0,6537,0,0,0,0,603,0,311,777,950,0,0,154,68,31,41,0,0,0
2023-02-22,4223,32,1430,26866,0,880,15972,102,0,2623,0,0,0,11708,592,9627,950,700,1707,0,7471,0,4344,0,0,0,10015,4207,0,1927,290,448,1056,187,1581,5478,0,0,996,1331,1417,2491,179,0,0,0,0,4605,888,0,272,0,0,904,0,0
2023-02-23,0,11069,20029,0,5080,708,0,92,1642,0,0,2806,1000,0,348,0,1378,580,471,1107,0,0,0,0,3257,2899,0,0,289,0,167,0,885,429,0,0,9136,0,0,307,0,0,230,0,0,0,0,0,31,0,538,0,0,0,0,0
2023-02-24,0,33,1384,0,0,608,0,1031,0,0,0,2075,0,0,0,0,1104,696,534,0,0,0,0,0,0,0,0,0,0,0,254,0,848,231,0,0,0,0,0,0,0,0,159,867,0,0,0,0,6,673,648,20,0,0,0,0
2023-02-25,0,0,0,0,0,0,0,0,0,0,0,1038,0,0,0,0,0,0,0,0,0,0,0,0,0,0,0,0,0,0,4,0,0,0,0,0,0,0,0,485,0,0,0,0,0,0,0,0,0,0,0,0,0,0,0,0
2023-02-26,0,0,62,0,0,0,0,0,0,0,0,953,0,0,0,0,0,0,0,0,0,0,0,0,0,0,0,0,0,0,0,0,0,362,0,0,0,0,0,59,0,0,0,0,0,0,0,0,0,0,882,0,0,0,0,0
2023-02-27,0,0,2093,0,0,0,0,123,0,0,0,2963,0,0,565,0,2768,930,576,0,0,0,0,4778,0,0,408,0,0,0,151,0,1700,186,0,0,0,0,0,83,0,0,432,0,0,0,0,0,16,129,203,8,35,0,0,0
2023-02-28,0,104,935,0,0,2212,0,73,0,0,0,2225,0,0,8,0,746,516,1081,0,0,0,0,0,0,0,0,6111,0,27,2703,0,745,319,0,0,0,7487,0,316,0,0,189,0,343,449,1692,0,8,0,60,2,0,0,0,0
2023-03-01,4495,42,1044,5663,0,828,21070,78,0,2130,0,423,0,3706,0,7626,862,511,420,0,6190,963,4553,0,0,0,8268,0,0,1890,97,347,740,164,1732,4566,0,0,838,0,461,2177,178,0,0,0,0,3714,1343,0,436,0,0,1706,0,0
2023-03-02,0,10593,19476,0,4092,752,0,99,1705,0,0,2383,789,0,226,0,981,430,489,0,0,0,0,0,5147,2928,0,0,210,0,358,0,830,132,0,0,9325,0,0,460,0,0,190,0,0,0,0,0,31,0,472,13,0,0,0,0
2023-03-03,0,61,1341,0,0,710,0,1182,0,0,57684,1747,0,0,0,0,899,717,376,1180,0,0,0,0,0,0,0,0,0,0,253,0,924,190,0,0,0,0,0,252,0,0,224,703,0,0,0,0,8,596,461,1,0,0,0,0
2023-03-04,0,0,0,0,0,0,0,0,0,0,0,995,0,0,0,0,0,0,0,0,0,0,0,0,0,0,0,0,0,0,1,0,0,0,0,0,0,0,0,326,0,0,0,0,0,0,0,0,0,0,349,0,0,0,0,0
2023-03-05,0,0,0,0,0,0,0,0,0,0,0,765,0,0,0,0,0,0,0,0,0,0,0,0,0,0,0,0,0,0,0,0,0,347,0,0,0,0,0,57,0,0,0,0,0,0,0,0,0,0,398,0,0,0,0,0
2023-03-06,0,61,1861,0,0,0,0,121,0,0,0,2405,0,0,428,0,1869,890,525,0,0,0,0,5251,0,0,165,0,0,40,287,0,0,82,0,0,0,0,0,83,0,0,411,0,0,0,0,0,16,80,199,0,0,0,0,0
2023-03-07,0,0,916,0,0,2042,0,0,0,0,0,1039,0,0,0,0,718,464,914,0,0,0,0,0,0,0,0,2837,0,0,2931,0,2017,154,0,0,0,6877,0,406,0,0,207,0,226,581,1370,0,17,0,77,15,0,0,0,0
2023-03-08,0,64,1663,3850,0,676,12384,127,0,2042,0,1359,0,2792,25,5418,655,469,366,0,4992,510,3482,0,0,0,6876,0,0,1720,271,346,0,184,1916,3139,0,0,641,286,0,1474,180,0,0,0,0,2471,1184,0,393,3,0,1414,0,0
2023-03-09,0,10151,17523,0,3375,706,0,0,1496,0,0,1513,652,0,314,0,773,430,431,1143,0,0,0,0,3602,3551,0,0,231,0,164,0,0,163,0,0,8332,0,0,261,0,0,241,0,0,0,0,0,38,0,442,15,0,0,0,0
2023-03-10,0,39,1088,0,0,652,0,1248,0,0,0,1409,0,0,0,0,968,592,408,0,0,0,0,0,0,0,0,0,0,0,137,0,0,93,0,0,0,0,0,317,1365,0,203,644,0,0,0,0,16,520,462,0,0,0,0,0
2023-03-11,0,0,0,0,0,0,0,0,0,0,0,912,0,0,0,0,0,0,0,0,0,0,0,0,0,0,0,0,0,0,0,0,0,0,0,0,0,0,0,181,0,0,0,0,0,0,0,0,0,0,396,0,0,0,0,0
2023-03-12,0,0,0,0,0,0,0,0,0,0,0,646,0,0,0,0,0,0,0,0,0,0,0,0,0,0,0,0,0,0,0,0,0,359,0,0,0,0,0,0,0,0,0,0,0,0,0,0,0,0,0,0,0,0,0,0
2023-03-13,0,64,1695,0,0,0,0,150,0,0,0,2052,0,0,442,0,1444,803,370,0,0,0,0,2829,0,0,0,0,0,24,255,0,2394,33,0,0,0,0,0,93,0,0,390,0,0,0,0,0,10,67,0,0,0,0,0,0
2023-03-14,0,0,828,0,0,1831,0,54,0,0,0,867,0,0,8,0,887,532,854,0,0,0,0,0,0,0,0,1900,0,0,2130,0,323,171,0,0,0,7430,0,0,0,0,135,0,255,441,973,0,4,0,546,5,0,0,0,0
2023-03-15,8033,41,655,4262,0,664,87445,83,0,1721,0,1090,0,2858,0,4677,1004,382,368,0,3820,446,0,0,0,0,6083,0,0,1325,263,0,443,120,1753,2699,0,0,752,0,368,1211,297,0,0,0,0,1890,915,0,470,0,79,1412,0,0
2023-03-16,0,8830,15886,0,3273,676,0,54,1315,0,0,1448,569,0,205,0,414,609,299,1576,0,0,3428,0,2785,2863,0,0,161,0,354,333,464,139,0,0,7586,0,0,466,0,0,246,0,0,0,0,0,25,0,456,0,0,0,0,0
2023-03-17,0,28,950,0,0,644,0,0,0,0,11814,1273,0,0,0,0,671,159,355,0,0,0,0,0,0,0,0,0,0,0,128,0,511,148,0,0,0,0,0,363,0,0,209,512,0,0,0,0,5,603,370,13,0,0,0,0
2023-03-18,0,0,0,0,0,0,0,0,0,0,0,780,0,0,0,0,0,0,0,0,0,0,0,0,0,0,0,0,0,0,0,0,0,0,0,0,0,0,0,0,0,0,0,0,0,0,0,0,0,0,395,0,0,0,0,0
2023-03-19,0,0,4,0,0,0,0,0,0,0,0,551,0,0,0,0,0,356,0,0,0,0,0,0,0,0,0,0,0,0,0,0,0,219,0,0,0,0,0,0,0,0,0,0,0,0,0,0,0,0,294,0,0,0,0,0
2023-03-20,0,48,1210,0,0,0,0,1313,0,0,0,728,0,0,359,0,1276,647,318,0,0,0,0,2143,0,0,0,0,0,0,158,0,910,43,0,0,0,0,0,0,0,0,388,0,0,0,0,0,10,48,181,7,0,0,0,0
2023-03-21,0,0,648,0,0,1809,0,62,0,0,0,1671,0,0,11,0,582,320,663,0,0,0,0,0,0,0,0,1990,0,21,2138,0,410,215,0,0,0,5973,0,0,0,0,200,0,160,494,894,0,7,0,58,0,47,0,0,0
2023-03-22,3758,0,526,2656,0,620,9503,77,0,1870,0,984,0,2786,0,4411,568,457,309,0,3395,506,0,0,0,0,5198,0,0,1269,50,0,440,133,1677,4200,0,0,643,0,335,1068,268,0,0,0,0,1962,682,0,433,0,0,1028,0,0
2023-03-23,0,8483,13691,0,2540,1039,0,59,1065,0,0,1297,522,0,236,0,644,361,412,1112,1,0,1,0,2612,2040,0,0,120,0,254,247,454,126,0,0,7016,0,0,0,0,0,276,0,0,0,0,0,5,0,532,0,0,0,0,1
